<manifest><control namespace="PowerCAT" constructor="Card" version="1.1.41" display-name-key="Card_Display_Key" description-key="Card_Description_Key" control-type="virtual" api-version="1.3.16"><property name="AccessibleLabel" display-name-key="Card_AccessibleLabel_Display_Key" description-key="Card_AccessibleLabel_Desc_Key" of-type="SingleLine.Text" usage="input" required="false" /><property name="Title" display-name-key="Card_Title_Display_Key" of-type="SingleLine.Text" usage="bound" required="false" default-value="Title" /><property name="Subtitle" display-name-key="Card_Subtitle_Display_Key" of-type="Multiple" usage="bound" required="false" default-value="Subtitle" /><property name="Description" display-name-key="Card_Description_Display_Key" of-type="Multiple" usage="bound" required="false" /><property name="HeaderImage" display-name-key="Card_HeaderImage_Display_Key" of-type="Image" usage="input" required="false" pfx-default-value="User().Image" /><property name="Image" display-name-key="Card_Image_Display_Key" of-type="Image" usage="input" required="false" /><property name="ImagePlacement" display-name-key="Card_ImagePlacement_Display_Key" description-key="Card_ImagePlacement_Desc_Key" usage="input" of-type="Enum" default-value="Above header"><value name="Above header" display-name-key="Card_ImagePlacement_AboveHeader">Above header</value><value name="Below header" display-name-key="Card_ImagePlacement_BelowHeader">Below header</value></property><property name="Size" display-name-key="Card_Size_Display_Key" description-key="Card_Size_Desc_Key" usage="input" of-type="Enum" default-value="Medium"><value name="Small" display-name-key="Card_Size_Small">Small</value><value name="Medium" display-name-key="Card_Size_Medium">Medium</value><value name="Large" display-name-key="Card_Size_Large">Large</value></property><property name="Alignment" display-name-key="Card_Alignment_Display_Key" description-key="Card_Alignment_Desc_Key" of-type="Enum" usage="input" default-value="Vertical"><value name="Vertical" display-name-key="Card_Alignment_Vertical">Vertical</value><value name="Horizontal" display-name-key="Card_Alignment_Horizontal">Horizontal</value></property><property name="AutoHeight" display-name-key="Card_AutoHeight_Display_Key" description-key="Card_AutoHeight_Desc_Key" usage="output" of-type="Whole.None" /><property name="TabIndex" hidden="true" display-name-key="NA" description-key="NA" of-type="Whole.None" usage="input" required="false" /><property name="Tooltip" hidden="true" display-name-key="NA" description-key="NA" of-type="SingleLine.Text" usage="input" required="false" /><data-set name="Items" display-name-key="Card_Toolbar_Items_Display_Key" description-key="Card_Toolbar_Items_Desc_Key" pfx-default-value="Table(&#xD;&#xA;    {ItemKey: &quot;mail&quot;, ItemDisplayName: &quot;Contact&quot;, ItemIconName: &quot;Mail&quot;, ItemAppearance: &quot;&quot;, ItemIconStyle: &quot;Regular&quot;, ItemTooltip: &quot;Send mail&quot;, ItemVisible: true, ItemDisabled: false},{ItemKey: &quot;chat&quot;, ItemDisplayName: &quot;Chat&quot;, ItemIconName: &quot;Chat&quot;, ItemAppearance: &quot;&quot;, ItemIconStyle: &quot;Regular&quot;, ItemTooltip: &quot;Chat&quot;})"><property-set name="ItemDisplayName" display-name-key="Card_Toolbar_Items_ItemDisplayName" of-type="SingleLine.Text" usage="bound" required="true" /><property-set name="ItemKey" display-name-key="Card_Toolbar_Items_ItemKey" of-type="SingleLine.Text" usage="bound" required="true" /><property-set name="ItemDisabled" display-name-key="Card_Toolbar_Items_ItemDisabled" of-type="TwoOptions" usage="bound" required="false" /><property-set name="ItemVisible" display-name-key="Card_Toolbar_Items_ItemVisible" of-type="TwoOptions" usage="bound" required="false" /><property-set name="ItemIconName" display-name-key="Card_Toolbar_Items_ItemIconName" of-type="SingleLine.Text" usage="bound" required="false" /><property-set name="ItemIconStyle" display-name-key="Card_Toolbar_Items_ItemIconStyle" of-type="SingleLine.Text" usage="bound" required="false" /><property-set name="ItemAppearance" display-name-key="Card_Toolbar_Items_ItemAppearance" of-type="SingleLine.Text" usage="bound" required="false" /><property-set name="ItemTooltip" display-name-key="Card_Toolbar_Items_ItemTooltip" of-type="SingleLine.Text" usage="bound" required="false" /></data-set><common-property name="Height" default-value="110" pfx-default-value="Self.AutoHeight" /><common-property name="Width" default-value="300" /><common-event name="OnSelect" pfx-default-value="/*Switch(Self.Selected.ItemKey,&quot;mail&quot;,Notify(&quot;Contact clicked&quot;),&quot;chat&quot;,Notify(&quot;Chat clicked&quot;), Notify(&quot;Unrecognized button clicked&quot;))*/" /><resources><code path="bundle.js" order="1" /><resx path="strings/Card.1033.resx" version="1.0.0" /><platform-library name="React" version="16.14.0" /><platform-library name="Fluent" version="9.19.1" /></resources><feature-usage><uses-feature name="ExplicitCommonEvents" required="true" /></feature-usage><built-by name="pac" version="1.39.3" /></control></manifest>