{
  "properties": {
    "connectionReferences": {},
    "definition": {
      "$schema": "https://schema.management.azure.com/providers/Microsoft.Logic/schemas/2016-06-01/workflowdefinition.json#",
      "contentVersion": "1.0.0.0",
      "parameters": {
        "$authentication": {
          "defaultValue": {},
          "type": "SecureObject"
        },
        "$connections": {
          "defaultValue": {},
          "type": "Object"
        }
      },
      "triggers": {
        "manual": {
          "type": "Request",
          "kind": "PowerAppV2",
          "inputs": {
            "schema": {
              "type": "object",
              "properties": {
                "date": {
                  "description": "Please enter or select a date (YYYY-MM-DD)",
                  "format": "date",
                  "title": "base",
                  "type": "string",
                  "x-ms-content-hint": "DATE",
                  "x-ms-dynamically-added": true
                },
                "number": {
                  "description": "Please enter a number",
                  "title": "amount",
                  "type": "number",
                  "x-ms-content-hint": "NUMBER",
                  "x-ms-dynamically-added": true
                },
                "text": {
                  "description": "Please enter your input",
                  "title": "unit",
                  "type": "string",
                  "x-ms-content-hint": "TEXT",
                  "x-ms-dynamically-added": true
                }
              },
              "required": [
                "date",
                "number",
                "text"
              ]
            }
          },
          "metadata": {
            "operationMetadataId": "c9601940-e8e5-4147-b2d0-529210072957"
          }
        }
      },
      "actions": {
        "Respond_to_a_Power_App_or_flow": {
          "type": "Response",
          "kind": "PowerApp",
          "inputs": {
            "schema": {
              "type": "object",
              "properties": {
                "duedate": {
                  "title": "dueDate",
                  "x-ms-dynamically-added": true,
                  "type": "string",
                  "format": "date"
                }
              },
              "additionalProperties": {}
            },
            "statusCode": 200,
            "body": {
              "duedate": "@{body('Add_to_time')}"
            }
          },
          "runAfter": {
            "Add_to_time": [
              "Succeeded"
            ]
          },
          "metadata": {
            "operationMetadataId": "1c41d628-2c8d-4bfb-a2df-6b24536be947"
          }
        },
        "Add_to_time": {
          "type": "Expression",
          "kind": "AddToTime",
          "inputs": {
            "baseTime": "@utcNow()",
            "interval": "@triggerBody()?['number']",
            "timeUnit": "@if(\r\n  equals(\r\n    triggerBody()?['text'],\r\n    'day'\r\n  ),\r\n  'Day',\r\n\r\n  if(\r\n    equals(\r\n      triggerBody()?['text'],\r\n      'week'\r\n    ),'Week',\r\n\r\n    'month'\r\n  )\r\n)"
          },
          "runAfter": {},
          "metadata": {
            "operationMetadataId": "5ab2fe2c-7376-4763-88f4-583079126c49"
          }
        }
      }
    },
    "templateName": null
  },
  "schemaVersion": "1.0.0.0"
}