{
  "properties": {
    "connectionReferences": {
      "shared_commondataserviceforapps": {
        "runtimeSource": "embedded",
        "connection": {
          "connectionReferenceLogicalName": "visand_sharedcommondataserviceforapps_0b95f"
        },
        "api": {
          "name": "shared_commondataserviceforapps"
        }
      },
      "shared_sharepointonline": {
        "runtimeSource": "embedded",
        "connection": {
          "connectionReferenceLogicalName": "visand_SharePointUser"
        },
        "api": {
          "name": "shared_sharepointonline"
        }
      },
      "shared_onedriveforbusiness_1": {
        "runtimeSource": "embedded",
        "connection": {
          "connectionReferenceLogicalName": "visand_sharedonedriveforbusiness_e4d10"
        },
        "api": {
          "name": "shared_onedriveforbusiness"
        }
      },
      "shared_excelonlinebusiness-1": {
        "runtimeSource": "embedded",
        "connection": {
          "connectionReferenceLogicalName": "visand_ExcelServiceUser"
        },
        "api": {
          "name": "shared_excelonlinebusiness"
        }
      },
      "shared_office365_1": {
        "runtimeSource": "embedded",
        "connection": {
          "connectionReferenceLogicalName": "visand_Office365OutlookServiceUser"
        },
        "api": {
          "name": "shared_office365"
        }
      }
    },
    "definition": {
      "$schema": "https://schema.management.azure.com/providers/Microsoft.Logic/schemas/2016-06-01/workflowdefinition.json#",
      "contentVersion": "1.0.0.0",
      "parameters": {
        "$connections": {
          "defaultValue": {},
          "type": "Object"
        },
        "$authentication": {
          "defaultValue": {},
          "type": "SecureObject"
        },
        "flowSite (visand_flowSite)": {
          "defaultValue": "https://visionand.sharepoint.com/sites/Flow2",
          "type": "String",
          "metadata": {
            "schemaName": "visand_flowSite"
          }
        },
        "flowSharedMailbox (visand_flowSharedMailbox)": {
          "defaultValue": "flow@visionand.ch",
          "type": "String",
          "metadata": {
            "schemaName": "visand_flowSharedMailbox",
            "description": "The shared mailbox that will be used as a trigger for processes"
          }
        }
      },
      "triggers": {
        "manual": {
          "metadata": {
            "operationMetadataId": "aaffcf2a-8473-4850-bc7b-ae8883fffb30"
          },
          "type": "Request",
          "kind": "PowerAppV2",
          "inputs": {
            "schema": {
              "type": "object",
              "properties": {
                "text": {
                  "title": "ProcessId",
                  "type": "string",
                  "x-ms-dynamically-added": true,
                  "description": "Please enter your input",
                  "x-ms-content-hint": "TEXT"
                }
              },
              "required": [
                "text"
              ]
            }
          }
        }
      },
      "actions": {
        "Get_process": {
          "runAfter": {},
          "metadata": {
            "operationMetadataId": "523363c4-d6f1-467a-a5d1-a5f445087ee6"
          },
          "type": "OpenApiConnection",
          "inputs": {
            "host": {
              "connectionName": "shared_commondataserviceforapps",
              "operationId": "GetItem",
              "apiId": "/providers/Microsoft.PowerApps/apis/shared_commondataserviceforapps"
            },
            "parameters": {
              "entityName": "visand_processes",
              "recordId": "@triggerBody()['text']",
              "x-ms-odata-metadata-full": false
            },
            "authentication": "@parameters('$authentication')"
          }
        },
        "Get_file_content_using_path": {
          "runAfter": {
            "Get_process": [
              "Succeeded"
            ]
          },
          "metadata": {
            "operationMetadataId": "2fda2c1e-2a72-4bef-a70f-21968131c47c"
          },
          "type": "OpenApiConnection",
          "inputs": {
            "host": {
              "connectionName": "shared_sharepointonline",
              "operationId": "GetFileContentByPath",
              "apiId": "/providers/Microsoft.PowerApps/apis/shared_sharepointonline"
            },
            "parameters": {
              "dataset": "@parameters('flowSite (visand_flowSite)')",
              "path": "/Templates/ReportTemplate.xlsx",
              "inferContentType": true
            },
            "authentication": "@parameters('$authentication')"
          }
        },
        "Clean_up": {
          "actions": {
            "Delete_file": {
              "runAfter": {},
              "metadata": {
                "operationMetadataId": "6761ca78-3ade-40c3-8e96-8ea5cf85d68e"
              },
              "type": "OpenApiConnection",
              "inputs": {
                "host": {
                  "connectionName": "shared_onedriveforbusiness_1",
                  "operationId": "DeleteFile",
                  "apiId": "/providers/Microsoft.PowerApps/apis/shared_onedriveforbusiness"
                },
                "parameters": {
                  "id": "@outputs('Create_file_2')?['body/Id']"
                },
                "authentication": "@parameters('$authentication')"
              }
            }
          },
          "runAfter": {
            "Create_PDF_and_send_mail": [
              "Succeeded"
            ]
          },
          "metadata": {
            "operationMetadataId": "57fe3c77-e3db-48b4-bd0f-b93f53c74b4e"
          },
          "type": "Scope"
        },
        "Create_file": {
          "runAfter": {
            "Get_file_content_using_path": [
              "Succeeded"
            ]
          },
          "metadata": {
            "operationMetadataId": "88daa8b8-1ec8-4a70-a2d0-da45414ba672"
          },
          "type": "OpenApiConnection",
          "inputs": {
            "host": {
              "connectionName": "shared_sharepointonline",
              "operationId": "CreateFile",
              "apiId": "/providers/Microsoft.PowerApps/apis/shared_sharepointonline"
            },
            "parameters": {
              "dataset": "@parameters('flowSite (visand_flowSite)')",
              "folderPath": "/Templates/temp",
              "name": "flow-@{outputs('Get_process')?['body/visand_processnumber']}-@{formatDateTime(utcNow(),'yyMMdd-hhss')}.xlsx",
              "body": "@body('Get_file_content_using_path')"
            },
            "authentication": "@parameters('$authentication')"
          },
          "runtimeConfiguration": {
            "contentTransfer": {
              "transferMode": "Chunked"
            }
          }
        },
        "Get_templates_drive_id": {
          "runAfter": {
            "Create_file": [
              "Succeeded"
            ]
          },
          "metadata": {
            "operationMetadataId": "c0896ab8-825e-47e3-bc55-232018f04b09"
          },
          "type": "OpenApiConnection",
          "inputs": {
            "host": {
              "connectionName": "shared_sharepointonline",
              "operationId": "HttpRequest",
              "apiId": "/providers/Microsoft.PowerApps/apis/shared_sharepointonline"
            },
            "parameters": {
              "dataset": "@parameters('flowSite (visand_flowSite)')",
              "parameters/method": "GET",
              "parameters/uri": "_api/v2.1/drives?$select=id,name&$filter=name eq 'Templates'"
            },
            "authentication": "@parameters('$authentication')"
          }
        },
        "Parse_processConfig": {
          "runAfter": {
            "Get_templates_drive_id": [
              "Succeeded"
            ]
          },
          "metadata": {
            "operationMetadataId": "1285c015-bfe6-478b-9c1d-69e24df8768d"
          },
          "type": "ParseJson",
          "inputs": {
            "content": "@json(outputs('Get_process')?['body/visand_processconfig'])",
            "schema": {
              "type": "array",
              "items": {
                "type": "object",
                "properties": {
                  "action": {
                    "type": "string"
                  },
                  "actionName": {
                    "type": "string"
                  },
                  "aid": {
                    "type": "string"
                  },
                  "completedBy": {
                    "anyOf": [
                      {
                        "type": "string"
                      },
                      {
                        "type": "null"
                      }
                    ]
                  },
                  "completedOn": {
                    "anyOf": [
                      {
                        "type": "string"
                      },
                      {
                        "type": "null"
                      }
                    ]
                  },
                  "aorder": {
                    "type": "integer"
                  },
                  "considerAsStep": {
                    "type": "boolean"
                  },
                  "icon": {
                    "type": "string"
                  },
                  "params": {},
                  "instructions": {
                    "type": [
                      "object",
                      "null"
                    ],
                    "properties": {
                      "instructions": {
                        "anyOf": [
                          {
                            "type": "string"
                          },
                          {
                            "type": "null"
                          }
                        ]
                      },
                      "subtitle": {
                        "anyOf": [
                          {
                            "type": "string"
                          },
                          {
                            "type": "null"
                          }
                        ]
                      },
                      "title": {
                        "anyOf": [
                          {
                            "type": "string"
                          },
                          {
                            "type": "null"
                          }
                        ]
                      }
                    }
                  }
                },
                "required": [
                  "action",
                  "actionName",
                  "aid",
                  "aorder",
                  "considerAsStep",
                  "icon"
                ]
              }
            }
          }
        },
        "Steps": {
          "actions": {
            "Prepare_row": {
              "runAfter": {},
              "metadata": {
                "operationMetadataId": "c045e180-4c40-425b-83fd-6bac207816c7"
              },
              "type": "Select",
              "inputs": {
                "from": "@body('Parse_processConfig')",
                "select": {
                  "Schritt": "@item()['aorder']",
                  "Bezeichnung": "@item()['actionName']",
                  "Abgeschlossen von": "@item()?['completedByDIsplayName']",
                  "Abgeschlossen am": "@if(empty(item()?['completedOn']),'',formatDateTime(item()?['completedOn'],'dd.MM.yyyy hh:mm'))"
                }
              }
            },
            "For_each_process_step": {
              "foreach": "@body('Prepare_row')",
              "actions": {
                "Add_a_row_into_steps": {
                  "runAfter": {},
                  "metadata": {
                    "operationMetadataId": "a4298fba-32ef-4edd-b325-2d312ac50b0a",
                    "tableId": "steps"
                  },
                  "type": "OpenApiConnection",
                  "inputs": {
                    "host": {
                      "connectionName": "shared_excelonlinebusiness-1",
                      "operationId": "AddRowV2",
                      "apiId": "/providers/Microsoft.PowerApps/apis/shared_excelonlinebusiness"
                    },
                    "parameters": {
                      "source": "@parameters('flowSite (visand_flowSite)')",
                      "drive": "@outputs('Get_templates_drive_id')?['body'].value[0].id",
                      "file": "@outputs('Create_file')?['body/Id']",
                      "table": "steps",
                      "item": "@items('For_each_process_step')"
                    },
                    "authentication": "@parameters('$authentication')"
                  }
                }
              },
              "runAfter": {
                "Prepare_row": [
                  "Succeeded"
                ]
              },
              "metadata": {
                "operationMetadataId": "f44683ba-612a-49c9-b5f5-fce5c4becc20"
              },
              "type": "Foreach"
            }
          },
          "runAfter": {
            "Header_Data": [
              "Succeeded"
            ]
          },
          "metadata": {
            "operationMetadataId": "2116c999-43e6-41c9-b2f7-84649cd7ec98"
          },
          "type": "Scope"
        },
        "Header_Data": {
          "actions": {
            "create_header_array": {
              "runAfter": {},
              "metadata": {
                "operationMetadataId": "0c30e375-f3e7-4dd1-b709-c1f4a058c2cb"
              },
              "type": "Compose",
              "inputs": [
                {
                  "Heading": "Titel:",
                  "Value": "@{outputs('Get_process')?['body/visand_name']}"
                },
                {
                  "Heading": "Prozess Nummer:",
                  "Value": "@{outputs('Get_process')?['body/visand_processnumber']}"
                },
                {
                  "Heading": "Gestartet am:",
                  "Value": "@{if(empty(outputs('Get_process')?['body/createdon']),'',formatDateTime(outputs('Get_process')?['body/createdon'],'dd.MM.yyyy hh:mm'))}"
                },
                {
                  "Heading": "Trigger:",
                  "Value": "@{outputs('Get_process')?['body/visand_triggertype@OData.Community.Display.V1.FormattedValue']}"
                },
                {
                  "Heading": "Abgeschlossen am:",
                  "Value": "@{if(empty(body('Parse_processConfig')[sub(length(body('Parse_processConfig')),1)]?['completedOn']),'',formatDateTime(body('Parse_processConfig')[sub(length(body('Parse_processConfig')),1)]?['completedOn'],'dd.MM.yyyy hh:mm'))}"
                },
                {
                  "Heading": "Status:",
                  "Value": "@{outputs('Get_process')?['body/visand_status@OData.Community.Display.V1.FormattedValue']}"
                }
              ]
            },
            "For_each_header_data": {
              "foreach": "@outputs('create_header_array')",
              "actions": {
                "Update_a_row": {
                  "runAfter": {},
                  "metadata": {
                    "operationMetadataId": "2a826343-4829-4493-a2e3-ed818ad57515",
                    "tableId": "headerData"
                  },
                  "type": "OpenApiConnection",
                  "inputs": {
                    "host": {
                      "connectionName": "shared_excelonlinebusiness-1",
                      "operationId": "PatchItem",
                      "apiId": "/providers/Microsoft.PowerApps/apis/shared_excelonlinebusiness"
                    },
                    "parameters": {
                      "source": "@parameters('flowSite (visand_flowSite)')",
                      "drive": "@outputs('Get_templates_drive_id')?['body'].value[0].id",
                      "file": "@outputs('Create_file')?['body/Id']",
                      "table": "headerData",
                      "idColumn": "Heading",
                      "id": "@items('For_each_header_data')?['Heading']",
                      "item": {
                        "Value": "@{items('For_each_header_data')?['Value']}"
                      }
                    },
                    "authentication": "@parameters('$authentication')"
                  }
                }
              },
              "runAfter": {
                "create_header_array": [
                  "Succeeded"
                ]
              },
              "metadata": {
                "operationMetadataId": "45f6544f-4626-4c50-8f3b-05dba7d3f2ae"
              },
              "type": "Foreach"
            }
          },
          "runAfter": {
            "Parse_processConfig": [
              "Succeeded"
            ]
          },
          "metadata": {
            "operationMetadataId": "9bc7356f-5621-4644-836c-20325b86c139"
          },
          "type": "Scope"
        },
        "Create_PDF_and_send_mail": {
          "actions": {
            "Delay": {
              "runAfter": {},
              "metadata": {
                "operationMetadataId": "a9b43274-0a75-4160-98b8-c09071878ce8"
              },
              "type": "Wait",
              "inputs": {
                "interval": {
                  "count": 2,
                  "unit": "Minute"
                }
              }
            },
            "Create_file_2": {
              "runAfter": {
                "Get_file_content": [
                  "Succeeded"
                ]
              },
              "metadata": {
                "operationMetadataId": "cd6e95bf-7826-41ba-933a-444e2198a741"
              },
              "type": "OpenApiConnection",
              "inputs": {
                "host": {
                  "connectionName": "shared_onedriveforbusiness_1",
                  "operationId": "CreateFile",
                  "apiId": "/providers/Microsoft.PowerApps/apis/shared_onedriveforbusiness"
                },
                "parameters": {
                  "folderPath": "/temp",
                  "name": "@outputs('Create_file')?['body/Name']",
                  "body": "@body('Get_file_content')"
                },
                "authentication": "@parameters('$authentication')"
              },
              "runtimeConfiguration": {
                "contentTransfer": {
                  "transferMode": "Chunked"
                }
              }
            },
            "Get_file_content": {
              "runAfter": {
                "Delay": [
                  "Succeeded"
                ]
              },
              "metadata": {
                "operationMetadataId": "272eec96-9e42-49ea-b603-de55228ec30d"
              },
              "type": "OpenApiConnection",
              "inputs": {
                "host": {
                  "connectionName": "shared_sharepointonline",
                  "operationId": "GetFileContent",
                  "apiId": "/providers/Microsoft.PowerApps/apis/shared_sharepointonline"
                },
                "parameters": {
                  "dataset": "@parameters('flowSite (visand_flowSite)')",
                  "id": "@outputs('Create_file')?['body/Id']",
                  "inferContentType": true
                },
                "authentication": "@parameters('$authentication')"
              }
            },
            "Convert_file": {
              "runAfter": {
                "Create_file_2": [
                  "Succeeded"
                ]
              },
              "metadata": {
                "operationMetadataId": "890df3a7-f8a0-477f-a147-3abc8cb364b6"
              },
              "type": "OpenApiConnection",
              "inputs": {
                "host": {
                  "connectionName": "shared_onedriveforbusiness_1",
                  "operationId": "ConvertFile",
                  "apiId": "/providers/Microsoft.PowerApps/apis/shared_onedriveforbusiness"
                },
                "parameters": {
                  "id": "@outputs('Create_file_2')?['body/Id']",
                  "type": "PDF"
                },
                "authentication": "@parameters('$authentication')"
              }
            },
            "Send_an_email_from_a_shared_mailbox_(V2)": {
              "runAfter": {
                "Convert_file": [
                  "Succeeded"
                ]
              },
              "metadata": {
                "operationMetadataId": "5e496a21-8eef-42e4-b05c-d506693893c4"
              },
              "type": "OpenApiConnection",
              "inputs": {
                "host": {
                  "connectionName": "shared_office365_1",
                  "operationId": "SharedMailboxSendEmailV2",
                  "apiId": "/providers/Microsoft.PowerApps/apis/shared_office365"
                },
                "parameters": {
                  "emailMessage/MailboxAddress": "@parameters('flowSharedMailbox (visand_flowSharedMailbox)')",
                  "emailMessage/To": "@triggerOutputs()?['headers']?['x-ms-user-email']",
                  "emailMessage/Subject": "Rapport @{outputs('Get_process')?['body/visand_processnumber']}",
                  "emailMessage/Body": "<p>Hallo<br>\n<br>\nIm Anhang findest du den Rapport zum Prozess @{outputs('Get_process')?['body/visand_processnumber']} - @{outputs('Get_process')?['body/visand_name']} vom @{formatDateTime(outputs('Get_process')?['body/createdon'],'dd.MM.yyyy hh:ss')}</p>",
                  "emailMessage/Attachments": [
                    {
                      "Name": "@{outputs('Convert_file')?['headers/x-ms-file-name']}.pdf",
                      "ContentBytes": "@body('Convert_file')"
                    }
                  ],
                  "emailMessage/Importance": "Normal"
                },
                "authentication": "@parameters('$authentication')"
              }
            }
          },
          "runAfter": {
            "Steps": [
              "Succeeded"
            ]
          },
          "metadata": {
            "operationMetadataId": "064d4b51-0590-454d-982d-97c4aee8672a"
          },
          "type": "Scope"
        }
      }
    },
    "templateName": ""
  },
  "schemaVersion": "1.0.0.0"
}