{
  "properties": {
    "connectionReferences": {
      "shared_office365-1": {
        "api": {
          "name": "shared_office365"
        },
        "connection": {
          "connectionReferenceLogicalName": "visand_Office365OutlookServiceUser"
        },
        "runtimeSource": "embedded"
      },
      "shared_commondataserviceforapps": {
        "api": {
          "name": "shared_commondataserviceforapps"
        },
        "connection": {
          "connectionReferenceLogicalName": "visand_sharedcommondataserviceforapps_0b95f"
        },
        "runtimeSource": "embedded"
      },
      "shared_sharepointonline": {
        "api": {
          "name": "shared_sharepointonline"
        },
        "connection": {
          "connectionReferenceLogicalName": "visand_SharePointUser"
        },
        "runtimeSource": "embedded"
      },
      "shared_excelonlinebusiness-1": {
        "api": {
          "name": "shared_excelonlinebusiness"
        },
        "connection": {
          "connectionReferenceLogicalName": "visand_ExcelServiceUser"
        },
        "runtimeSource": "embedded"
      }
    },
    "definition": {
      "$schema": "https://schema.management.azure.com/providers/Microsoft.Logic/schemas/2016-06-01/workflowdefinition.json#",
      "contentVersion": "1.0.0.0",
      "parameters": {
        "$authentication": {
          "defaultValue": {},
          "type": "SecureObject"
        },
        "$connections": {
          "defaultValue": {},
          "type": "Object"
        },
        "flowSite (visand_flowSite)": {
          "defaultValue": "https://visionand.sharepoint.com/sites/Flow2",
          "type": "String",
          "metadata": {
            "schemaName": "visand_flowSite"
          }
        },
        "flowSharedMailbox (visand_flowSharedMailbox)": {
          "defaultValue": "flow@visionand.ch",
          "type": "String",
          "metadata": {
            "schemaName": "visand_flowSharedMailbox",
            "description": "The shared mailbox that will be used as a trigger for processes"
          }
        }
      },
      "triggers": {
        "Recurrence": {
          "type": "Recurrence",
          "recurrence": {
            "frequency": "Day",
            "interval": 1,
            "timeZone": "W. Europe Standard Time",
            "startTime": "2025-07-20T22:00:00Z",
            "schedule": {
              "hours": [
                "0"
              ]
            }
          },
          "metadata": {
            "operationMetadataId": "602e5f51-3b50-4f29-84f7-9de46866c79f"
          }
        }
      },
      "actions": {
        "Inform_visionand": {
          "type": "Scope",
          "actions": {
            "is_data_close_to_max_pagination": {
              "type": "If",
              "expression": {
                "or": [
                  {
                    "greaterOrEquals": [
                      "@outputs('count_openData')",
                      4000
                    ]
                  },
                  {
                    "greaterOrEquals": [
                      "@outputs('count_Processes')",
                      4000
                    ]
                  },
                  {
                    "greaterOrEquals": [
                      "@outputs('count_ProcessTemplates')",
                      4000
                    ]
                  }
                ]
              },
              "actions": {
                "Send_an_email_from_a_shared_mailbox_(V2)": {
                  "type": "OpenApiConnection",
                  "inputs": {
                    "parameters": {
                      "emailMessage/MailboxAddress": "@parameters('flowSharedMailbox (visand_flowSharedMailbox)')",
                      "emailMessage/To": "help@visionand.ch",
                      "emailMessage/Subject": "VGP: Einer der Tabellen nähert sich dem Maximum",
                      "emailMessage/Body": "<p>Bei VGP nähert sich eine der folgenden Tabellen dem Pagination Maximum:</p>\n<ul>\n  <li>Process</li>\n  <li>ProcessTemplates</li>\n  <li>OpenData</li>\n</ul>\n<p>Sollte das Maximum erreicht werden, werden nicht mehr alle Daten &nbsp;backuped. Bitte den Flow \"Flow Backups\" anpassen.</p>",
                      "emailMessage/Importance": "Normal"
                    },
                    "host": {
                      "apiId": "/providers/Microsoft.PowerApps/apis/shared_office365",
                      "operationId": "SharedMailboxSendEmailV2",
                      "connectionName": "shared_office365-1"
                    }
                  },
                  "metadata": {
                    "operationMetadataId": "0fd831d5-48da-47c4-b2d3-e32baeecbcb5"
                  }
                }
              },
              "else": {
                "actions": {}
              },
              "metadata": {
                "operationMetadataId": "e7391b6e-589a-43d4-8d62-252208a5bc31"
              }
            }
          },
          "runAfter": {
            "Catch": [
              "Succeeded"
            ]
          },
          "metadata": {
            "operationMetadataId": "34017ea2-9f98-453a-b34a-491045cc7823"
          }
        },
        "Try": {
          "type": "Scope",
          "actions": {
            "Get_processes": {
              "type": "OpenApiConnection",
              "inputs": {
                "parameters": {
                  "entityName": "visand_processes",
                  "$select": "visand_activeprocessaid,_createdby_value,createdon,_modifiedby_value,modifiedon,visand_duedate,visand_name,visand_notassigneddocumenturl,visand_notes,visand_processid,visand_processconfig,visand_processnumber,visand_processstep,_visand_processtemplate_value,visand_responsibledisplayname,visand_responsibleobjectid,visand_responsibletype,visand_status,visand_statusformatted,visand_triggerconfig,visand_triggertype",
                  "x-ms-odata-metadata-full": false
                },
                "host": {
                  "apiId": "/providers/Microsoft.PowerApps/apis/shared_commondataserviceforapps",
                  "operationId": "ListRecords",
                  "connectionName": "shared_commondataserviceforapps"
                }
              },
              "runtimeConfiguration": {
                "paginationPolicy": {
                  "minimumItemCount": 5000
                }
              },
              "metadata": {
                "operationMetadataId": "e2ac7a65-4797-4b8c-a5f2-8d6bb7361f27"
              }
            },
            "Get_processTemplates": {
              "type": "OpenApiConnection",
              "inputs": {
                "parameters": {
                  "entityName": "visand_processtemplates",
                  "$select": "_createdby_value,createdon,_modifiedby_value,modifiedon,visand_processconfig,visand_name,visand_triggertype,visand_nameformatted,visand_active,visand_templatenumber,visand_processtemplateid,visand_responsibledisplayname,visand_responsibleobjectid,visand_responsibletype,visand_description,visand_triggeremail,visand_triggerconfig",
                  "x-ms-odata-metadata-full": false
                },
                "host": {
                  "apiId": "/providers/Microsoft.PowerApps/apis/shared_commondataserviceforapps",
                  "operationId": "ListRecords",
                  "connectionName": "shared_commondataserviceforapps"
                }
              },
              "runAfter": {
                "Get_processes": [
                  "Succeeded"
                ]
              },
              "runtimeConfiguration": {
                "paginationPolicy": {
                  "minimumItemCount": 5000
                }
              },
              "metadata": {
                "operationMetadataId": "92c097c2-f9e8-44f5-ab23-95b493ef1ee7"
              }
            },
            "Get_openData": {
              "type": "OpenApiConnection",
              "inputs": {
                "parameters": {
                  "entityName": "visand_opendatas",
                  "$select": "_createdby_value,createdon,_modifiedby_value,modifiedon,visand_code,visand_date,visand_name,visand_opendataid,_visand_processid_value,visand_value1,visand_value2",
                  "x-ms-odata-metadata-full": false
                },
                "host": {
                  "apiId": "/providers/Microsoft.PowerApps/apis/shared_commondataserviceforapps",
                  "operationId": "ListRecords",
                  "connectionName": "shared_commondataserviceforapps"
                }
              },
              "runAfter": {
                "Get_processTemplates": [
                  "Succeeded"
                ]
              },
              "runtimeConfiguration": {
                "paginationPolicy": {
                  "minimumItemCount": 5000
                }
              },
              "metadata": {
                "operationMetadataId": "58535870-084f-4892-9b7a-99e3ebc025a4"
              }
            },
            "count_ProcessTemplates": {
              "type": "Compose",
              "inputs": "@length(outputs('Get_processTemplates')?['body/value'])",
              "runAfter": {
                "Get_openData": [
                  "Succeeded"
                ]
              },
              "metadata": {
                "operationMetadataId": "f76d79b9-ba23-48b8-a4f0-a268878a7569"
              }
            },
            "count_Processes": {
              "type": "Compose",
              "inputs": "@length(outputs('Get_processes')?['body/value'])",
              "runAfter": {
                "count_ProcessTemplates": [
                  "Succeeded"
                ]
              },
              "metadata": {
                "operationMetadataId": "0ea1857c-2cdd-49d9-95a1-116d00258557"
              }
            },
            "count_openData": {
              "type": "Compose",
              "inputs": "@length(outputs('Get_openData')?['body/value'])",
              "runAfter": {
                "count_Processes": [
                  "Succeeded"
                ]
              },
              "metadata": {
                "operationMetadataId": "13638cd8-122e-49be-8035-c75d99193b38"
              }
            },
            "Get_backup_template": {
              "type": "OpenApiConnection",
              "inputs": {
                "parameters": {
                  "dataset": "@parameters('flowSite (visand_flowSite)')",
                  "path": "/Templates/BackupTemplate.xlsx",
                  "inferContentType": true
                },
                "host": {
                  "apiId": "/providers/Microsoft.PowerApps/apis/shared_sharepointonline",
                  "operationId": "GetFileContentByPath",
                  "connectionName": "shared_sharepointonline"
                }
              },
              "runAfter": {
                "count_openData": [
                  "Succeeded"
                ]
              },
              "metadata": {
                "operationMetadataId": "d5f8c3e1-e5c6-44e4-b4bd-ba7a3af0a6ed"
              }
            },
            "Create_file": {
              "type": "OpenApiConnection",
              "inputs": {
                "parameters": {
                  "dataset": "@parameters('flowSite (visand_flowSite)')",
                  "folderPath": "/Backup",
                  "name": "backup-@{formatDateTime(utcNow(),'dd-MM-yyyy-hhmm')}.xlsx",
                  "body": "@body('Get_backup_template')"
                },
                "host": {
                  "apiId": "/providers/Microsoft.PowerApps/apis/shared_sharepointonline",
                  "operationId": "CreateFile",
                  "connectionName": "shared_sharepointonline"
                }
              },
              "runAfter": {
                "Get_backup_template": [
                  "Succeeded"
                ]
              },
              "runtimeConfiguration": {
                "contentTransfer": {
                  "transferMode": "Chunked"
                }
              },
              "metadata": {
                "operationMetadataId": "8ad3186e-52e3-47f6-85dd-ed5711b9bad0"
              }
            },
            "Get_backup_drive_id": {
              "type": "OpenApiConnection",
              "inputs": {
                "parameters": {
                  "dataset": "@parameters('flowSite (visand_flowSite)')",
                  "parameters/method": "GET",
                  "parameters/uri": "_api/v2.1/drives?$select=id,name&$filter=name eq 'Backup'"
                },
                "host": {
                  "apiId": "/providers/Microsoft.PowerApps/apis/shared_sharepointonline",
                  "operationId": "HttpRequest",
                  "connectionName": "shared_sharepointonline"
                }
              },
              "runAfter": {
                "Create_file": [
                  "Succeeded"
                ]
              },
              "metadata": {
                "operationMetadataId": "3169d839-43ee-485e-8833-253d82146119"
              }
            },
            "For_each_openData": {
              "type": "Foreach",
              "foreach": "@outputs('Get_openData')?['body/value']",
              "actions": {
                "Add_a_row_into_a_table_2": {
                  "type": "OpenApiConnection",
                  "inputs": {
                    "parameters": {
                      "source": "@parameters('flowSite (visand_flowSite)')",
                      "drive": "@outputs('Get_backup_drive_id')?['body'].value[0].id",
                      "file": "@outputs('Create_file')?['body/Id']",
                      "table": "openData",
                      "item": {
                        "visand_Code": "@{items('For_each_openData')?['visand_code']}",
                        "CreatedBy": "@{items('For_each_openData')?['_createdby_value']}",
                        "CreatedOn": "@{items('For_each_openData')?['createdon']}",
                        "visand_Date": "@{items('For_each_openData')?['visand_date']}",
                        "ModifiedBy": "@{items('For_each_openData')?['_modifiedby_value']}",
                        "ModifiedOn": "@{items('For_each_openData')?['modifiedon']}",
                        "visand_Name": "@{items('For_each_openData')?['visand_name']}",
                        "visand_OpenDataId": "@{items('For_each_openData')?['visand_opendataid']}",
                        "visand_ProcessId": "@{items('For_each_openData')?['_visand_processid_value']}",
                        "visand_Value1": "@{items('For_each_openData')?['visand_value1']}",
                        "visand_Value2": "@{items('For_each_openData')?['visand_value2']}"
                      }
                    },
                    "host": {
                      "apiId": "/providers/Microsoft.PowerApps/apis/shared_excelonlinebusiness",
                      "operationId": "AddRowV2",
                      "connectionName": "shared_excelonlinebusiness-1"
                    }
                  },
                  "metadata": {
                    "operationMetadataId": "ee3b3a4a-46f2-4b80-9893-0794df21f260",
                    "tableId": "openData"
                  }
                }
              },
              "runAfter": {
                "Get_backup_drive_id": [
                  "Succeeded"
                ]
              },
              "runtimeConfiguration": {
                "concurrency": {
                  "repetitions": 50
                }
              },
              "metadata": {
                "operationMetadataId": "9bf55280-556b-49b4-bffc-f1e2ac81fcdc"
              }
            },
            "For_each_processTemplate": {
              "type": "Foreach",
              "foreach": "@outputs('Get_processTemplates')?['body/value']",
              "actions": {
                "Add_a_row_into_processTemplates": {
                  "type": "OpenApiConnection",
                  "inputs": {
                    "parameters": {
                      "source": "@parameters('flowSite (visand_flowSite)')",
                      "drive": "@outputs('Get_backup_drive_id')?['body'].value[0].id",
                      "file": "@outputs('Create_file')?['body/Id']",
                      "table": "processTemplates",
                      "item": {
                        "CreatedBy": "@{items('For_each_processTemplate')?['_createdby_value']}",
                        "CreatedOn": "@{items('For_each_processTemplate')?['createdon']}",
                        "ModifiedBy": "@{items('For_each_processTemplate')?['_modifiedby_value']}",
                        "ModifiedOn": "@{items('For_each_processTemplate')?['modifiedon']}",
                        "visand_Active": "@{items('For_each_processTemplate')?['visand_active']}",
                        "visand_Description": "@{items('For_each_processTemplate')?['visand_description']}",
                        "visand_Name": "@{items('For_each_processTemplate')?['visand_name']}",
                        "visand_NameFormatted": "@{items('For_each_processTemplate')?['visand_nameformatted']}",
                        "visand_ProcessConfig": "@{items('For_each_processTemplate')?['visand_processconfig']}",
                        "visand_ProcessTemplateId": "@{items('For_each_processTemplate')?['visand_processtemplateid']}",
                        "visand_ResponsibleDisplayName": "@{items('For_each_processTemplate')?['visand_responsibledisplayname']}",
                        "visand_ResponsibleObjectId": "@{items('For_each_processTemplate')?['visand_responsibleobjectid']}",
                        "visand_ResponsibleType": "@{items('For_each_processTemplate')?['visand_responsibletype']}",
                        "visand_TemplateNumber": "@{items('For_each_processTemplate')?['visand_templatenumber']}",
                        "visand_TriggerConfig": "@{items('For_each_processTemplate')?['visand_triggerconfig']}",
                        "visand_TriggerEmail": "@{items('For_each_processTemplate')?['visand_triggeremail']}",
                        "visand_TriggerType": "@{items('For_each_processTemplate')?['visand_triggertype']}"
                      }
                    },
                    "host": {
                      "apiId": "/providers/Microsoft.PowerApps/apis/shared_excelonlinebusiness",
                      "operationId": "AddRowV2",
                      "connectionName": "shared_excelonlinebusiness-1"
                    }
                  },
                  "metadata": {
                    "operationMetadataId": "d234f520-9093-4c2e-942f-7cab2d93fe38",
                    "tableId": "processTemplates"
                  }
                }
              },
              "runAfter": {
                "Get_backup_drive_id": [
                  "Succeeded"
                ]
              },
              "runtimeConfiguration": {
                "concurrency": {
                  "repetitions": 50
                }
              },
              "metadata": {
                "operationMetadataId": "baf18634-5639-4e54-bef6-6c036fa98094"
              }
            },
            "For_each_process": {
              "type": "Foreach",
              "foreach": "@outputs('Get_processes')?['body/value']",
              "actions": {
                "Add_a_row_into_processes": {
                  "type": "OpenApiConnection",
                  "inputs": {
                    "parameters": {
                      "source": "@parameters('flowSite (visand_flowSite)')",
                      "drive": "@outputs('Get_backup_drive_id')?['body'].value[0].id",
                      "file": "@outputs('Create_file')?['body/Id']",
                      "table": "processes",
                      "item": {
                        "visand_ActiveProcessAID": "@{items('For_each_process')?['visand_activeprocessaid']}",
                        "CreatedBy": "@{items('For_each_process')?['_createdby_value']}",
                        "CreatedOn": "@{items('For_each_process')?['createdon']}",
                        "ModifiedBy": "@{items('For_each_process')?['_modifiedby_value']}",
                        "ModifiedOn": "@{items('For_each_process')?['modifiedon']}",
                        "visand_DueDate": "@{items('For_each_process')?['visand_duedate']}",
                        "visand_Name": "@{items('For_each_process')?['visand_name']}",
                        "visand_NotAssignedDocumentUrl": "@{items('For_each_process')?['visand_notassigneddocumenturl']}",
                        "visand_Notes": "@{items('For_each_process')?['visand_notes']}",
                        "visand_ProcessId": "@{items('For_each_process')?['visand_processid']}",
                        "visand_ProcessConfig": "@{items('For_each_process')?['visand_processconfig']}",
                        "visand_ProcessNumber": "@{items('For_each_process')?['visand_processnumber']}",
                        "visand_ProcessStep": "@{items('For_each_process')?['visand_processstep']}",
                        "visand_ProcessTemplate": "@{items('For_each_process')?['_visand_processtemplate_value']}",
                        "visand_ResponsibleDisplayName": "@{items('For_each_process')?['visand_responsibledisplayname']}",
                        "visand_ResponsibleObjectId": "@{items('For_each_process')?['visand_responsibleobjectid']}",
                        "visand_ResponsibleType": "@{items('For_each_process')?['visand_responsibletype']}",
                        "visand_Status": "@{items('For_each_process')?['visand_status']}",
                        "visand_StatusFormatted": "@{items('For_each_process')?['visand_statusformatted']}",
                        "visand_TriggerConfig": "@{items('For_each_process')?['visand_triggerconfig']}",
                        "visand_TriggerType": "@{items('For_each_process')?['visand_triggertype']}"
                      }
                    },
                    "host": {
                      "apiId": "/providers/Microsoft.PowerApps/apis/shared_excelonlinebusiness",
                      "operationId": "AddRowV2",
                      "connectionName": "shared_excelonlinebusiness-1"
                    }
                  },
                  "metadata": {
                    "operationMetadataId": "c0c3d750-fc7c-4ee7-beb4-cc5dcc56b347",
                    "tableId": "processes"
                  }
                }
              },
              "runAfter": {
                "Get_backup_drive_id": [
                  "Succeeded"
                ]
              },
              "runtimeConfiguration": {
                "concurrency": {
                  "repetitions": 50
                }
              },
              "metadata": {
                "operationMetadataId": "075e5aa6-4460-4be8-af4e-45af81f64743"
              }
            }
          },
          "runAfter": {},
          "metadata": {
            "operationMetadataId": "62546814-fa7c-429b-bb25-74bbec71d299"
          }
        },
        "Catch": {
          "type": "Scope",
          "actions": {
            "Send_error_message": {
              "type": "OpenApiConnection",
              "inputs": {
                "parameters": {
                  "emailMessage/MailboxAddress": "@parameters('flowSharedMailbox (visand_flowSharedMailbox)')",
                  "emailMessage/To": "help@visionand.ch",
                  "emailMessage/Subject": "VGP: Ein Fehler ist aufgetreten",
                  "emailMessage/Body": "<p class=\"editor-paragraph\">Bei VGP entstand ein Fehler beim Workflow:</p><p class=\"editor-paragraph\">@{workflow()}</p>",
                  "emailMessage/Importance": "Normal"
                },
                "host": {
                  "apiId": "/providers/Microsoft.PowerApps/apis/shared_office365",
                  "operationId": "SharedMailboxSendEmailV2",
                  "connectionName": "shared_office365-1"
                }
              },
              "metadata": {
                "operationMetadataId": "0fd831d5-48da-47c4-b2d3-e32baeecbcb5"
              }
            }
          },
          "runAfter": {
            "Try": [
              "Skipped",
              "Failed"
            ]
          },
          "metadata": {
            "operationMetadataId": "06a68a3f-a557-4754-8c70-955901675016"
          }
        }
      }
    },
    "templateName": null
  },
  "schemaVersion": "1.0.0.0"
}