{
  "properties": {
    "connectionReferences": {
      "shared_office365users_1": {
        "runtimeSource": "invoker",
        "connection": {
          "connectionReferenceLogicalName": "visand_Office365UsersUser"
        },
        "api": {
          "name": "shared_office365users"
        }
      }
    },
    "definition": {
      "$schema": "https://schema.management.azure.com/providers/Microsoft.Logic/schemas/2016-06-01/workflowdefinition.json#",
      "contentVersion": "1.0.0.0",
      "parameters": {
        "$connections": {
          "defaultValue": {},
          "type": "Object"
        },
        "$authentication": {
          "defaultValue": {},
          "type": "SecureObject"
        }
      },
      "triggers": {
        "manual": {
          "metadata": {
            "operationMetadataId": "dbaf3f3b-2bff-42da-afb0-4ec13acc80e6"
          },
          "type": "Request",
          "kind": "PowerAppV2",
          "inputs": {
            "schema": {
              "type": "object",
              "properties": {},
              "required": []
            }
          }
        }
      },
      "actions": {
        "Respond_to_a_Power_App_or_flow": {
          "runAfter": {
            "Select_id": [
              "Succeeded"
            ]
          },
          "metadata": {
            "operationMetadataId": "589e7e7f-b3df-4276-80a4-13f13f0b4e55"
          },
          "type": "Response",
          "kind": "PowerApp",
          "inputs": {
            "statusCode": 200,
            "body": {
              "mygroups": "@{body('Select_id')}"
            },
            "schema": {
              "type": "object",
              "properties": {
                "mygroups": {
                  "title": "myGroups",
                  "x-ms-dynamically-added": true,
                  "type": "string"
                }
              }
            }
          }
        },
        "Initialize_varNextLink": {
          "runAfter": {},
          "metadata": {
            "operationMetadataId": "60cac978-3128-4e75-a476-285c7ea2dfba"
          },
          "type": "InitializeVariable",
          "inputs": {
            "variables": [
              {
                "name": "varNextLink",
                "type": "string",
                "value": "https://graph.microsoft.com/v1.0/me/memberOf/microsoft.graph.group?$select=id,securityEnabled,displayName"
              }
            ]
          }
        },
        "Do_until": {
          "actions": {
            "new_myGroups": {
              "runAfter": {
                "get_group_memberships": [
                  "Succeeded"
                ]
              },
              "metadata": {
                "operationMetadataId": "1a2708b9-ec6b-4db8-9083-19f922309cee"
              },
              "type": "Compose",
              "inputs": "@union(variables('varMyGroups'),body('get_group_memberships')?['value'])"
            },
            "Set_varNextLink": {
              "runAfter": {
                "Set_varMyGroups": [
                  "Succeeded"
                ]
              },
              "metadata": {
                "operationMetadataId": "ebd4307d-7160-459b-a9f4-2aa5898fb824"
              },
              "type": "SetVariable",
              "inputs": {
                "name": "varNextLink",
                "value": "@body('get_group_memberships')?['@odata.nextLink']"
              }
            },
            "Set_varMyGroups": {
              "runAfter": {
                "new_myGroups": [
                  "Succeeded"
                ]
              },
              "metadata": {
                "operationMetadataId": "0dcf07a3-e456-4cbb-b8e7-518a39f4874c"
              },
              "type": "SetVariable",
              "inputs": {
                "name": "varMyGroups",
                "value": "@outputs('new_myGroups')"
              }
            },
            "get_group_memberships": {
              "runAfter": {},
              "metadata": {
                "operationMetadataId": "140575a2-1064-4469-ad22-389e0a8f945d"
              },
              "type": "OpenApiConnection",
              "inputs": {
                "host": {
                  "connectionName": "shared_office365users_1",
                  "operationId": "HttpRequest",
                  "apiId": "/providers/Microsoft.PowerApps/apis/shared_office365users"
                },
                "parameters": {
                  "Uri": "@variables('varNextLink')",
                  "Method": "GET",
                  "ContentType": "application/json"
                },
                "authentication": "@parameters('$authentication')"
              }
            }
          },
          "runAfter": {
            "Initialize_varMyGroups": [
              "Succeeded"
            ]
          },
          "expression": "@equals(body('get_group_memberships')?['@odata.nextLink'], null)",
          "limit": {
            "count": 60,
            "timeout": "PT1H"
          },
          "metadata": {
            "operationMetadataId": "61475c5a-b635-4786-86f6-2c5cf43fb89c"
          },
          "type": "Until"
        },
        "Initialize_varMyGroups": {
          "runAfter": {
            "Initialize_varNextLink": [
              "Succeeded"
            ]
          },
          "metadata": {
            "operationMetadataId": "192e487c-3c68-4c0a-8342-b3d4cf57922d"
          },
          "type": "InitializeVariable",
          "inputs": {
            "variables": [
              {
                "name": "varMyGroups",
                "type": "array"
              }
            ]
          }
        },
        "Select_id": {
          "runAfter": {
            "Do_until": [
              "Succeeded"
            ]
          },
          "metadata": {
            "operationMetadataId": "206d4a86-f369-400c-b248-1b4984f0ee96"
          },
          "type": "Select",
          "inputs": {
            "from": "@variables('varMyGroups')",
            "select": {
              "id": "@item()?['id']",
              "displayName": "@item()?['displayName']"
            }
          }
        },
        "Filter_security_groups": {
          "runAfter": {
            "Do_until": [
              "TimedOut"
            ]
          },
          "metadata": {
            "operationMetadataId": "a36be458-0c63-4d84-9579-de858999b076"
          },
          "type": "Query",
          "inputs": {
            "from": "@variables('varMyGroups')",
            "where": "@equals(item()?['securityEnabled'],true)"
          }
        }
      }
    },
    "templateName": ""
  },
  "schemaVersion": "1.0.0.0"
}