{
  "properties": {
    "connectionReferences": {
      "shared_sharepointonline": {
        "api": {
          "name": "shared_sharepointonline"
        },
        "connection": {
          "connectionReferenceLogicalName": "visand_SharePointUser"
        },
        "runtimeSource": "embedded"
      },
      "shared_commondataserviceforapps": {
        "api": {
          "name": "shared_commondataserviceforapps"
        },
        "connection": {
          "connectionReferenceLogicalName": "visand_sharedcommondataserviceforapps_0b95f"
        },
        "runtimeSource": "embedded"
      }
    },
    "definition": {
      "$schema": "https://schema.management.azure.com/providers/Microsoft.Logic/schemas/2016-06-01/workflowdefinition.json#",
      "contentVersion": "1.0.0.0",
      "parameters": {
        "$authentication": {
          "defaultValue": {},
          "type": "SecureObject"
        },
        "$connections": {
          "defaultValue": {},
          "type": "Object"
        },
        "flowSharePointSites (visand_flowSharePointSites)": {
          "defaultValue": {
            "sites": [
              {
                "BaseUrl": "https://visionand.sharepoint.com/sites/fabian",
                "ServerRelativeUrl": "/sites/Fabian/Shared Documents",
                "LibraryId": "3ab84f45-a6c0-4699-a335-a5f605948b77",
                "Name": "Fabian",
                "Type": "site"
              },
              {
                "BaseUrl": "https://visionand.sharepoint.com/sites/Flow2",
                "ServerRelativeUrl": "/sites/Flow2/Freigegebene Dokumente",
                "LibraryId": "ff5affaf-d590-4e9a-bce7-c29cef332e1b",
                "Name": "Flow2",
                "Type": "site"
              }
            ]
          },
          "type": "Object",
          "metadata": {
            "schemaName": "visand_flowSharePointSites",
            "description": "list of SharePoint sites that will appear in the app"
          }
        },
        "flowDisplaySettings (visand_flowDisplaySettings)": {
          "defaultValue": {
            "flowName": "Flow",
            "flowObjectId": "fce29f87-0401-4204-b7f6-c9b3446bf4a6"
          },
          "type": "Object",
          "metadata": {
            "schemaName": "visand_flowDisplaySettings",
            "description": "The flow name and id so that users can see if actions completed automatically"
          }
        }
      },
      "triggers": {
        "Recurrence": {
          "type": "Recurrence",
          "recurrence": {
            "frequency": "Day",
            "interval": 1,
            "timeZone": "W. Europe Standard Time",
            "schedule": {
              "hours": [
                "2"
              ]
            }
          },
          "metadata": {
            "operationMetadataId": "0fe05881-89ec-457e-8efb-1718254ffa45"
          }
        }
      },
      "actions": {
        "file": {
          "type": "Scope",
          "actions": {
            "Parse_libraries": {
              "type": "ParseJson",
              "inputs": {
                "content": "@parameters('flowSharePointSites (visand_flowSharePointSites)')",
                "schema": {
                  "type": "object",
                  "properties": {
                    "sites": {
                      "type": "array",
                      "items": {
                        "type": "object",
                        "properties": {
                          "BaseUrl": {
                            "type": "string"
                          },
                          "ServerRelativeUrl": {
                            "type": "string"
                          },
                          "LibraryId": {
                            "type": "string"
                          },
                          "Name": {
                            "type": "string"
                          },
                          "Type": {
                            "type": "string"
                          }
                        },
                        "required": [
                          "BaseUrl",
                          "ServerRelativeUrl",
                          "LibraryId",
                          "Name",
                          "Type"
                        ]
                      }
                    }
                  }
                }
              },
              "metadata": {
                "operationMetadataId": "59fd805c-9d50-46b7-9fa2-a36690c5b667"
              }
            },
            "For_each_library": {
              "type": "Foreach",
              "foreach": "@body('Parse_libraries')?['sites']",
              "actions": {
                "Get_files_(properties_only)": {
                  "type": "OpenApiConnection",
                  "inputs": {
                    "parameters": {
                      "dataset": "@items('For_each_library')?['BaseUrl']",
                      "table": "@items('For_each_library')?['LibraryId']",
                      "$filter": "Created ge datetime'@{formatDateTime(addDays(utcNow(), -1), 'yyyy-MM-ddTHH:mm:ssZ')}' and FSObjType eq 0"
                    },
                    "host": {
                      "apiId": "/providers/Microsoft.PowerApps/apis/shared_sharepointonline",
                      "operationId": "GetFileItems",
                      "connectionName": "shared_sharepointonline"
                    }
                  },
                  "runtimeConfiguration": {
                    "paginationPolicy": {
                      "minimumItemCount": 5000
                    }
                  },
                  "metadata": {
                    "operationMetadataId": "379cce22-e7c5-4a94-bb8f-8c8bd4535842"
                  }
                },
                "For_each_document": {
                  "type": "Foreach",
                  "foreach": "@outputs('Get_files_(properties_only)')?['body/value']",
                  "actions": {
                    "relativePathToFolder": {
                      "type": "Compose",
                      "inputs": "@decodeUriComponent(substring(\r\n  items('For_each_document')?['{Link}'],\r\n  indexOf(items('For_each_document')?['{Link}'], '/sites/'),\r\n  sub(\r\n    lastIndexOf(items('For_each_document')?['{Link}'], '/'),\r\n    indexOf(items('For_each_document')?['{Link}'], '/sites/')\r\n  )\r\n))",
                      "metadata": {
                        "operationMetadataId": "bd8690e7-4b81-44b7-9c95-a7af728dce8b"
                      }
                    },
                    "Filter_only_relevant_documents": {
                      "type": "Query",
                      "inputs": {
                        "from": "@variables('varProcessesFile')",
                        "where": "@equals(outputs('relativePathToFolder'), item()?['relativePath'])"
                      },
                      "runAfter": {
                        "relativePathToFolder": [
                          "Succeeded"
                        ]
                      },
                      "metadata": {
                        "operationMetadataId": "4aefa203-75be-4edc-8e52-f897dc6fc677"
                      }
                    },
                    "relevant_for_workflow": {
                      "type": "If",
                      "expression": {
                        "greater": [
                          "@length(body('Filter_only_relevant_documents'))",
                          0
                        ]
                      },
                      "actions": {
                        "siteAddress": {
                          "type": "Compose",
                          "inputs": "@concat('https://', uriHost(first(body('Filter_only_relevant_documents'))?['path']), '/', split(uriPath(first(body('Filter_only_relevant_documents'))?['path']), '/')[1], '/', split(uriPath(first(body('Filter_only_relevant_documents'))?['path']), '/')[2])",
                          "metadata": {
                            "operationMetadataId": "ccf6542d-e3d8-445d-91e1-2e900a2ce6d7"
                          }
                        },
                        "run_file_trigger": {
                          "type": "Workflow",
                          "inputs": {
                            "host": {
                              "workflowReferenceName": "c8be5d88-5656-f011-bec2-6045bd2c6fae"
                            },
                            "body": {
                              "number": "@items('For_each_document')?['ID']",
                              "text": "@outputs('siteAddress')",
                              "text_1": "@first(body('Filter_only_relevant_documents'))?['libraryId']",
                              "text_2": "@first(body('Filter_only_relevant_documents'))?['visand_processtemplateid']"
                            }
                          },
                          "runAfter": {
                            "siteAddress": [
                              "Succeeded"
                            ]
                          },
                          "metadata": {
                            "operationMetadataId": "1e9e61ff-9e01-41e7-8ec1-73f5f8070633"
                          }
                        }
                      },
                      "else": {
                        "actions": {}
                      },
                      "runAfter": {
                        "Filter_only_relevant_documents": [
                          "Succeeded"
                        ]
                      },
                      "metadata": {
                        "operationMetadataId": "1b4de173-154c-4fa1-bbd4-eed4724d99cc"
                      }
                    }
                  },
                  "runAfter": {
                    "Get_files_(properties_only)": [
                      "Succeeded"
                    ]
                  },
                  "runtimeConfiguration": {
                    "concurrency": {
                      "repetitions": 50
                    }
                  },
                  "metadata": {
                    "operationMetadataId": "7347fefd-1dda-4f12-bc09-98ba82c455eb"
                  }
                }
              },
              "runAfter": {
                "For_each_process": [
                  "Succeeded"
                ]
              },
              "metadata": {
                "operationMetadataId": "a229ee07-f53e-4b1d-9445-3f1912f1cbc3"
              }
            },
            "List_rows": {
              "type": "OpenApiConnection",
              "description": "800000002 = file",
              "inputs": {
                "parameters": {
                  "entityName": "visand_processtemplates",
                  "$select": "createdon,visand_nameformatted,_createdby_value,visand_processtemplateid,visand_templatenumber,visand_name,visand_triggertype,visand_active,visand_processconfig",
                  "$filter": "visand_active eq true and visand_triggertype eq 800000002"
                },
                "host": {
                  "apiId": "/providers/Microsoft.PowerApps/apis/shared_commondataserviceforapps",
                  "operationId": "ListRecords",
                  "connectionName": "shared_commondataserviceforapps"
                }
              },
              "runAfter": {
                "Parse_libraries": [
                  "Succeeded"
                ]
              },
              "runtimeConfiguration": {
                "paginationPolicy": {
                  "minimumItemCount": 5000
                }
              },
              "metadata": {
                "operationMetadataId": "69f8e6a6-036e-4d2b-9cc6-aeeb65471acc"
              }
            },
            "For_each_process": {
              "type": "Foreach",
              "foreach": "@outputs('List_rows')?['body/value']",
              "actions": {
                "Parse_processConfig": {
                  "type": "ParseJson",
                  "inputs": {
                    "content": "@first(json(items('For_each_process')?['visand_processconfig']))",
                    "schema": {
                      "type": "object",
                      "properties": {
                        "action": {
                          "type": "string"
                        },
                        "actionName": {
                          "type": "string"
                        },
                        "aid": {
                          "type": "string"
                        },
                        "aorder": {
                          "type": "integer"
                        },
                        "params": {
                          "type": "object",
                          "properties": {
                            "fileLibraryId": {},
                            "fileUrl": {}
                          }
                        }
                      }
                    }
                  },
                  "metadata": {
                    "operationMetadataId": "ea4abd17-fee2-455d-a735-d6acef905fdb"
                  }
                },
                "Append_to_varProcessesFile": {
                  "type": "AppendToArrayVariable",
                  "inputs": {
                    "name": "varProcessesFile",
                    "value": {
                      "createdon": "@{items('For_each_process')?['createdon']}",
                      "visand_nameformatted": "@{items('For_each_process')?['visand_nameformatted']}",
                      "_createdby_value": "@{items('For_each_process')?['_createdby_value']}",
                      "visand_processtemplateid": "@{items('For_each_process')?['visand_processtemplateid']}",
                      "visand_templatenumber": "@{items('For_each_process')?['visand_templatenumber']}",
                      "visand_name": "@{items('For_each_process')?['visand_name']}",
                      "visand_triggertype": "@{items('For_each_process')?['visand_triggertype']}",
                      "visand_active": "@{items('For_each_process')?['visand_active']}",
                      "visand_processconfig": "@{items('For_each_process')?['visand_processconfig']}",
                      "path": "@{body('Parse_processConfig')?['params']?['fileUrl']}",
                      "relativePath": "@{substring(body('Parse_processConfig')?['params']?['fileUrl'],indexOf(body('Parse_processConfig')?['params']?['fileUrl'],'/sites/'))}",
                      "libraryId": "@{body('Parse_processConfig')?['params']?['fileLibraryId']}"
                    }
                  },
                  "runAfter": {
                    "Parse_processConfig": [
                      "Succeeded"
                    ]
                  },
                  "metadata": {
                    "operationMetadataId": "41167765-649e-4e9b-92bc-1bd30e9bd362"
                  }
                }
              },
              "runAfter": {
                "List_rows": [
                  "Succeeded"
                ]
              },
              "runtimeConfiguration": {
                "concurrency": {
                  "repetitions": 50
                }
              },
              "metadata": {
                "operationMetadataId": "c7192699-61d2-4073-a0a9-89b923560236"
              }
            }
          },
          "runAfter": {
            "Initialize_varProcessesFile": [
              "Succeeded"
            ]
          },
          "metadata": {
            "operationMetadataId": "1cb812d2-3d20-466c-8dde-663b68a8fa73"
          }
        },
        "scheduled": {
          "type": "Scope",
          "actions": {
            "List_scheduled_templates": {
              "type": "OpenApiConnection",
              "inputs": {
                "parameters": {
                  "entityName": "visand_processtemplates",
                  "$filter": "visand_triggertype eq 800000003 and visand_active eq true",
                  "x-ms-odata-metadata-full": false
                },
                "host": {
                  "apiId": "/providers/Microsoft.PowerApps/apis/shared_commondataserviceforapps",
                  "operationId": "ListRecords",
                  "connectionName": "shared_commondataserviceforapps"
                }
              },
              "metadata": {
                "operationMetadataId": "f64a366e-a8ba-4d25-be65-850fda36bae9"
              }
            },
            "For_each_scheduled_process": {
              "type": "Foreach",
              "foreach": "@outputs('List_scheduled_templates')?['body/value']",
              "actions": {
                "Parse_processConfig_scheduled": {
                  "type": "ParseJson",
                  "inputs": {
                    "content": "@first(json(items('For_each_scheduled_process')?['visand_processconfig']))",
                    "schema": {
                      "type": "object",
                      "properties": {
                        "action": {
                          "type": "string"
                        },
                        "actionName": {
                          "type": "string"
                        },
                        "aid": {
                          "type": "string"
                        },
                        "aorder": {
                          "type": "integer"
                        },
                        "params": {
                          "type": "object",
                          "properties": {
                            "scheduledFirstDate": {},
                            "scheduledRepeatIntervalDate": {},
                            "scheduledRepeatIntervalDue": {},
                            "scheduledRepeatIntervalStart": {},
                            "scheduledRepeatUnitDate": {},
                            "scheduledRepeatUnitDue": {},
                            "scheduledRepeatUnitStart": {}
                          }
                        }
                      }
                    }
                  },
                  "metadata": {
                    "operationMetadataId": "ea4abd17-fee2-455d-a735-d6acef905fdb"
                  }
                },
                "firstDate_today_or_in_past": {
                  "type": "If",
                  "expression": {
                    "or": [
                      {
                        "lessOrEquals": [
                          "@formatDateTime(body('Parse_processConfig_scheduled')?['params']?['scheduledFirstDate'],'yyyy-MM-dd')",
                          "@formatDateTime(convertTimeZone(utcNow(), 'UTC','W. Europe Standard Time'),'yyyy-MM-dd')"
                        ]
                      },
                      {
                        "lessOrEquals": [
                          "@formatDateTime(\r\n    if (\r\n        equals(\r\n            body('Parse_processConfig_scheduled')?['params']?['scheduledRepeatUnitStart']?['key'],\r\n            'before'\r\n        ),\r\n        addDays(\r\n            formatDateTime(body('Parse_processConfig_scheduled')?['params']?['scheduledFirstDate'],'yyyy-MM-dd'),\r\n            mul(-1,body('Parse_processConfig_scheduled')?['params']?['scheduledRepeatIntervalStart'])\r\n        ),\r\n        addDays(\r\n            formatDateTime(body('Parse_processConfig_scheduled')?['params']?['scheduledFirstDate'],'yyyy-MM-dd'),\r\n            body('Parse_processConfig_scheduled')?['params']?['scheduledRepeatIntervalStart']\r\n        )\r\n    ),\r\n    'yyyy-MM-dd'\r\n)",
                          "@formatDateTime(convertTimeZone(utcNow(), 'UTC','W. Europe Standard Time'),'yyyy-MM-dd')"
                        ]
                      }
                    ]
                  },
                  "actions": {
                    "Switch_repeatUnit": {
                      "type": "Switch",
                      "expression": "@body('Parse_processConfig_scheduled')?['params']?['scheduledRepeatUnitDate']?['key']",
                      "default": {
                        "actions": {}
                      },
                      "cases": {
                        "day": {
                          "actions": {
                            "PerDateDay": {
                              "type": "Compose",
                              "inputs": "@formatDateTime(convertTimeZone(body('Parse_processConfig_scheduled')?['params']?['scheduledFirstDate'], 'UTC','W. Europe Standard Time'),'yyyy-MM-dd')",
                              "metadata": {
                                "operationMetadataId": "41ca7d8f-6298-497e-a49e-3af98ae8021b"
                              }
                            },
                            "StartDateDay": {
                              "type": "Compose",
                              "inputs": "@formatDateTime(\r\n    if (\r\n        equals(\r\n            body('Parse_processConfig_scheduled')?['params']?['scheduledRepeatUnitStart']?['key'],\r\n            'before'\r\n        ),\r\n        addDays(\r\n            formatDateTime(outputs('PerDateDay'),'yyyy-MM-dd'),\r\n            mul(-1,body('Parse_processConfig_scheduled')?['params']?['scheduledRepeatIntervalStart'])\r\n        ),\r\n        addDays(\r\n            formatDateTime(outputs('PerDateDay'),'yyyy-MM-dd'),\r\n            body('Parse_processConfig_scheduled')?['params']?['scheduledRepeatIntervalStart']\r\n        )\r\n    ),\r\n    'yyyy-MM-dd'\r\n)",
                              "runAfter": {
                                "PerDateDay": [
                                  "Succeeded"
                                ]
                              },
                              "metadata": {
                                "operationMetadataId": "7e4ecdef-d624-4be5-8844-c4bc9c93e724"
                              }
                            },
                            "Set_varStartProcessToday_days": {
                              "type": "SetVariable",
                              "inputs": {
                                "name": "varStartProcessToday",
                                "value": "@or(\r\n    equals(\r\n        formatDateTime(convertFromUtc(utcNow(), 'W. Europe Standard Time'),'yyyy-MM-dd'),\r\n        formatDateTime(convertTimeZone(body('Parse_processConfig_scheduled')?['params']?['scheduledFirstDate'], 'UTC','W. Europe Standard Time'),'yyyy-MM-dd')\r\n    ),\r\n    and(\r\n        greaterOrEquals(formatDateTime(convertFromUtc(utcNow(), 'W. Europe Standard Time'), 'yyyy-MM-dd'), formatDateTime(outputs('StartDateDay'), 'yyyy-MM-dd')),\r\n        equals(\r\n            mod(\r\n                div(\r\n                    sub(\r\n                        ticks(formatDateTime(convertFromUtc(utcNow(), 'W. Europe Standard Time'), 'yyyy-MM-dd')),\r\n                        ticks(formatDateTime(outputs('StartDateDay'), 'yyyy-MM-dd'))\r\n                    ),\r\n                    864000000000\r\n                ),\r\n                body('Parse_processConfig_scheduled')?['params']?['scheduledRepeatIntervalDate']\r\n            ),\r\n            0\r\n        )\r\n    )\r\n)"
                              },
                              "runAfter": {
                                "StartDateDay": [
                                  "Succeeded"
                                ]
                              },
                              "metadata": {
                                "operationMetadataId": "024078e4-9f5a-4d98-81cb-9a1b7f8b4366"
                              }
                            },
                            "Set_varDueDateDay": {
                              "type": "SetVariable",
                              "inputs": {
                                "name": "varDueDate",
                                "value": "@{formatDateTime(\r\n    if(\r\n        equals(\r\n            body('Parse_processConfig_scheduled')?['params']?['scheduledRepeatUnitDue']?['key'],\r\n            'before'\r\n        ),\r\n        addDays(\r\n            formatDateTime(outputs('PerDateDay'),'yyyy-MM-dd'),\r\n            mul(-1,body('Parse_processConfig_scheduled')?['params']?['scheduledRepeatIntervalDue'])\r\n        ),\r\n        addDays(\r\n            formatDateTime(outputs('PerDateDay'),'yyyy-MM-dd'),\r\n            body('Parse_processConfig_scheduled')?['params']?['scheduledRepeatIntervalDue']\r\n        )   \r\n    ),\r\n    'yyyy-MM-dd'\r\n)}"
                              },
                              "runAfter": {
                                "Set_varStartProcessToday_days": [
                                  "Succeeded"
                                ]
                              },
                              "metadata": {
                                "operationMetadataId": "64d3bea7-e719-4c6f-856b-c94ac84ec48b"
                              }
                            }
                          },
                          "case": "day"
                        },
                        "week": {
                          "actions": {
                            "PerDateWeek": {
                              "type": "Compose",
                              "inputs": "@formatDateTime(convertTimeZone(body('Parse_processConfig_scheduled')?['params']?['scheduledFirstDate'], 'UTC','W. Europe Standard Time'),'yyyy-MM-dd')",
                              "metadata": {
                                "operationMetadataId": "ef538142-4c9c-4d3a-9223-33ba41eb9401"
                              }
                            },
                            "Set_varStartProcessToday__week": {
                              "type": "SetVariable",
                              "inputs": {
                                "name": "varStartProcessToday",
                                "value": "@or(\r\n    equals(\r\n        formatDateTime(convertFromUtc(utcNow(), 'W. Europe Standard Time'),'yyyy-MM-dd'),\r\n        formatDateTime(convertTimeZone(body('Parse_processConfig_scheduled')?['params']?['scheduledFirstDate'], 'UTC','W. Europe Standard Time'),'yyyy-MM-dd')\r\n    ),\r\n    and(\r\n        greaterOrEquals(formatDateTime(convertFromUtc(utcNow(), 'W. Europe Standard Time'), 'yyyy-MM-dd'), formatDateTime(outputs('StartDateWeek'), 'yyyy-MM-dd')),\r\n        equals(\r\n            mod(\r\n                div(\r\n                    sub(\r\n                        ticks(formatDateTime(convertFromUtc(utcNow(), 'W. Europe Standard Time'), 'yyyy-MM-dd')),\r\n                        ticks(formatDateTime(outputs('StartDateWeek'), 'yyyy-MM-dd'))\r\n                    ),\r\n                    864000000000\r\n                ),\r\n                mul(body('Parse_processConfig_scheduled')?['params']?['scheduledRepeatIntervalDate'], 7)\r\n            ),\r\n            0\r\n        )\r\n    )\r\n)"
                              },
                              "runAfter": {
                                "StartDateWeek": [
                                  "Succeeded"
                                ]
                              },
                              "metadata": {
                                "operationMetadataId": "a2cd5596-7998-4066-a2cf-accc0bcf78c3"
                              }
                            },
                            "StartDateWeek": {
                              "type": "Compose",
                              "inputs": "@formatDateTime(\r\n    if (\r\n        equals(\r\n            body('Parse_processConfig_scheduled')?['params']?['scheduledRepeatUnitStart']?['key'],\r\n            'before'\r\n        ),\r\n        addDays(\r\n            formatDateTime(outputs('PerDateWeek'),'yyyy-MM-dd'),\r\n            mul(-1,body('Parse_processConfig_scheduled')?['params']?['scheduledRepeatIntervalStart'])\r\n        ),\r\n        addDays(\r\n            formatDateTime(outputs('PerDateWeek'),'yyyy-MM-dd'),\r\n            body('Parse_processConfig_scheduled')?['params']?['scheduledRepeatIntervalStart']\r\n        )\r\n    ),\r\n    'yyyy-MM-dd'\r\n)",
                              "runAfter": {
                                "PerDateWeek": [
                                  "Succeeded"
                                ]
                              },
                              "metadata": {
                                "operationMetadataId": "6c620056-fad6-439b-b99e-12dcc2e95325"
                              }
                            },
                            "Set_varDueDateWeek": {
                              "type": "SetVariable",
                              "inputs": {
                                "name": "varDueDate",
                                "value": "@{formatDateTime(\r\n    if(\r\n        equals(\r\n            body('Parse_processConfig_scheduled')?['params']?['scheduledRepeatUnitDue']?['key'],\r\n            'before'\r\n        ),\r\n        addDays(\r\n            formatDateTime(outputs('PerDateWeek'),'yyyy-MM-dd'),\r\n            mul(-1,body('Parse_processConfig_scheduled')?['params']?['scheduledRepeatIntervalDue'])\r\n        ),\r\n        addDays(\r\n            formatDateTime(outputs('PerDateWeek'),'yyyy-MM-dd'),\r\n            body('Parse_processConfig_scheduled')?['params']?['scheduledRepeatIntervalDue']\r\n        )   \r\n    ),\r\n    'yyyy-MM-dd'\r\n)}"
                              },
                              "runAfter": {
                                "Set_varStartProcessToday__week": [
                                  "Succeeded"
                                ]
                              },
                              "metadata": {
                                "operationMetadataId": "9b4df74a-b0b3-481d-8265-1c25a4bbd4a1"
                              }
                            }
                          },
                          "case": "week"
                        },
                        "month": {
                          "actions": {
                            "PerDateMonth": {
                              "type": "Compose",
                              "inputs": "@{formatDateTime(convertTimeZone(utcNow(), 'UTC','W. Europe Standard Time'),'yyyy-MM')}-@{formatDateTime(convertTimeZone(body('Parse_processConfig_scheduled')?['params']?['scheduledFirstDate'], 'UTC','W. Europe Standard Time'),'dd')}",
                              "metadata": {
                                "operationMetadataId": "58460ff4-ca0f-47c4-be4e-7db842ef6b57"
                              }
                            },
                            "StartDateMonth": {
                              "type": "Compose",
                              "inputs": "@formatDateTime(\r\n    if (\r\n        equals(\r\n            body('Parse_processConfig_scheduled')?['params']?['scheduledRepeatUnitStart']?['key'],\r\n            'before'\r\n        ),\r\n        addDays(\r\n            formatDateTime(outputs('PerDateMonth'),'yyyy-MM-dd'),\r\n            mul(-1,body('Parse_processConfig_scheduled')?['params']?['scheduledRepeatIntervalStart'])\r\n        ),\r\n        addDays(\r\n            formatDateTime(outputs('PerDateMonth'),'yyyy-MM-dd'),\r\n            body('Parse_processConfig_scheduled')?['params']?['scheduledRepeatIntervalStart']\r\n        )\r\n    ),\r\n    'yyyy-MM-dd'\r\n)\r\n",
                              "runAfter": {
                                "PerDateMonth": [
                                  "Succeeded"
                                ]
                              },
                              "metadata": {
                                "operationMetadataId": "e4171446-9a7e-4a70-acbe-4ec59a1403c6"
                              }
                            },
                            "Set_varStartProcessToday_month": {
                              "type": "SetVariable",
                              "inputs": {
                                "name": "varStartProcessToday",
                                "value": "@or(\r\n    equals(\r\n        formatDateTime(convertFromUtc(utcNow(), 'W. Europe Standard Time'),'yyyy-MM-dd'),\r\n        formatDateTime(convertTimeZone(body('Parse_processConfig_scheduled')?['params']?['scheduledFirstDate'], 'UTC','W. Europe Standard Time'),'yyyy-MM-dd')\r\n    ),\r\n    and(\r\n        greaterOrEquals(formatDateTime(convertFromUtc(utcNow(), 'W. Europe Standard Time'), 'yyyy-MM-dd'), formatDateTime(outputs('StartDateMonth'), 'yyyy-MM-dd')),\r\n        equals(dayOfMonth(convertFromUtc(utcNow(), 'W. Europe Standard Time')), dayOfMonth(outputs('StartDateMonth'))),\r\n        equals(\r\n            mod(\r\n                add(\r\n                    mul(\r\n                        sub(\r\n                            int(formatDateTime(convertFromUtc(utcNow(), 'W. Europe Standard Time'), 'yyyy')),\r\n                            int(formatDateTime(outputs('StartDateMonth'), 'yyyy'))\r\n                        ),\r\n                        12\r\n                    ),\r\n                    sub(\r\n                        int(formatDateTime(convertFromUtc(utcNow(), 'W. Europe Standard Time'), 'MM')),\r\n                        int(formatDateTime(outputs('StartDateMonth'), 'MM'))\r\n                    )\r\n                ),\r\n                body('Parse_processConfig_scheduled')?['params']?['scheduledRepeatIntervalDate']\r\n            ),\r\n            0\r\n        )\r\n    )\r\n)"
                              },
                              "runAfter": {
                                "StartDateMonth": [
                                  "Succeeded"
                                ]
                              },
                              "metadata": {
                                "operationMetadataId": "d836df7b-fe28-43c8-bf0e-528c22c60d49"
                              }
                            },
                            "Set_varDueDateMonth": {
                              "type": "SetVariable",
                              "inputs": {
                                "name": "varDueDate",
                                "value": "@{formatDateTime(\r\n    if(\r\n        equals(\r\n            body('Parse_processConfig_scheduled')?['params']?['scheduledRepeatUnitDue']?['key'],\r\n            'before'\r\n        ),\r\n        addDays(\r\n            formatDateTime(outputs('PerDateMonth'),'yyyy-MM-dd'),\r\n            mul(-1,body('Parse_processConfig_scheduled')?['params']?['scheduledRepeatIntervalDue'])\r\n        ),\r\n        addDays(\r\n            formatDateTime(outputs('PerDateMonth'),'yyyy-MM-dd'),\r\n            body('Parse_processConfig_scheduled')?['params']?['scheduledRepeatIntervalDue']\r\n        )   \r\n    ),\r\n    'yyyy-MM-dd'\r\n)\r\n}"
                              },
                              "runAfter": {
                                "Set_varStartProcessToday_month": [
                                  "Succeeded"
                                ]
                              },
                              "metadata": {
                                "operationMetadataId": "d651eda3-e4ec-4745-8ce7-8cb26ac9067d"
                              }
                            }
                          },
                          "case": "month"
                        },
                        "monthly": {
                          "actions": {
                            "StartDateMonthly": {
                              "type": "Compose",
                              "inputs": "@formatDateTime(\r\n    if (\r\n        equals(\r\n            body('Parse_processConfig_scheduled')?['params']?['scheduledRepeatUnitStart']?['key'],\r\n            'before'\r\n        ),\r\n        addDays(\r\n            formatDateTime(outputs('PerDateMonthly'),'yyyy-MM-dd'),\r\n            mul(-1,body('Parse_processConfig_scheduled')?['params']?['scheduledRepeatIntervalStart'])\r\n        ),\r\n        addDays(\r\n            formatDateTime(outputs('PerDateMonthly'),'yyyy-MM-dd'),\r\n            body('Parse_processConfig_scheduled')?['params']?['scheduledRepeatIntervalStart']\r\n        )\r\n    ),\r\n    'yyyy-MM-dd'\r\n)",
                              "runAfter": {
                                "PerDateMonthly": [
                                  "Succeeded"
                                ]
                              },
                              "metadata": {
                                "operationMetadataId": "23a16525-07e1-40b9-99e9-b48ef2609a9b"
                              }
                            },
                            "Set_varStartProcessToday_monthly": {
                              "type": "SetVariable",
                              "inputs": {
                                "name": "varStartProcessToday",
                                "value": "@or(\r\n    equals(\r\n        formatDateTime(convertFromUtc(utcNow(), 'W. Europe Standard Time'),'yyyy-MM-dd'),\r\n        formatDateTime(convertTimeZone(body('Parse_processConfig_scheduled')?['params']?['scheduledFirstDate'],'UTC','W. Europe Standard Time'),'yyyy-MM-dd')      \r\n    ),\r\n    equals(\r\n        formatDateTime(convertFromUtc(utcNow(), 'W. Europe Standard Time'),'yyyy-MM-dd'),\r\n        outputs('StartDateMonthly')\r\n    )\r\n)"
                              },
                              "runAfter": {
                                "StartDateMonthly": [
                                  "Succeeded"
                                ]
                              },
                              "metadata": {
                                "operationMetadataId": "6c4b4347-706e-4792-8598-1b1904fbc447"
                              }
                            },
                            "Add_to_time": {
                              "type": "Expression",
                              "kind": "AddToTime",
                              "inputs": {
                                "baseTime": "@{formatDateTime(convertTimeZone(utcNow(), 'UTC','W. Europe Standard Time'),'yyyy-MM-01')}",
                                "interval": 1,
                                "timeUnit": "Month"
                              },
                              "metadata": {
                                "operationMetadataId": "bdcca809-2e8d-4bc5-a997-508cad22ddee"
                              }
                            },
                            "PerDateMonthly": {
                              "type": "Compose",
                              "inputs": "@addDays(body('Add_to_time'),-1)",
                              "runAfter": {
                                "Add_to_time": [
                                  "Succeeded"
                                ]
                              },
                              "metadata": {
                                "operationMetadataId": "fb591f44-605d-458a-a051-1e6f870d8c61"
                              }
                            },
                            "Set_varDueDateMonthly": {
                              "type": "SetVariable",
                              "inputs": {
                                "name": "varDueDate",
                                "value": "@{formatDateTime(\r\n    if(\r\n        equals(\r\n            body('Parse_processConfig_scheduled')?['params']?['scheduledRepeatUnitDue']?['key'],\r\n            'before'\r\n        ),\r\n        addDays(\r\n            formatDateTime(outputs('PerDateMonthly'),'yyyy-MM-dd'),\r\n            mul(-1,body('Parse_processConfig_scheduled')?['params']?['scheduledRepeatIntervalDue'])\r\n        ),\r\n        addDays(\r\n            formatDateTime(outputs('PerDateMonthly'),'yyyy-MM-dd'),\r\n            body('Parse_processConfig_scheduled')?['params']?['scheduledRepeatIntervalDue']\r\n        )   \r\n    ),\r\n    'yyyy-MM-dd'\r\n)}"
                              },
                              "runAfter": {
                                "Set_varStartProcessToday_monthly": [
                                  "Succeeded"
                                ]
                              },
                              "metadata": {
                                "operationMetadataId": "1ae82ae0-2502-4c48-845f-15c0783be40c"
                              }
                            }
                          },
                          "case": "monthly"
                        },
                        "year": {
                          "actions": {
                            "PerDateYear": {
                              "type": "Compose",
                              "inputs": "@{formatDateTime(convertTimeZone(utcNow(), 'UTC','W. Europe Standard Time'),'yyyy')}-@{formatDateTime(convertTimeZone(body('Parse_processConfig_scheduled')?['params']?['scheduledFirstDate'], 'UTC','W. Europe Standard Time'),'MM-dd')}",
                              "metadata": {
                                "operationMetadataId": "5a1d7565-d354-4cae-83b6-fe92141ea5cb"
                              }
                            },
                            "Set_varStartProcessToday_year": {
                              "type": "SetVariable",
                              "inputs": {
                                "name": "varStartProcessToday",
                                "value": "@and(\r\n    greaterOrEquals(formatDateTime(convertFromUtc(utcNow(), 'W. Europe Standard Time'), 'yyyy-MM-dd'), formatDateTime(outputs('StartDateYear'), 'yyyy-MM-dd')),\r\n    equals(dayOfMonth(convertFromUtc(utcNow(), 'W. Europe Standard Time')), dayOfMonth(outputs('StartDateYear'))),\r\n    equals(formatDateTime(convertFromUtc(utcNow(), 'W. Europe Standard Time'),'MM'), formatDateTime(outputs('StartDateYear'),'MM')),\r\n    equals(\r\n        mod(\r\n            sub(\r\n                int(formatDateTime(convertFromUtc(utcNow(), 'W. Europe Standard Time'), 'yyyy')),\r\n                int(formatDateTime(outputs('StartDateYear'), 'yyyy'))\r\n            ),\r\n            body('Parse_processConfig_scheduled')?['params']?['scheduledRepeatIntervalDate']\r\n        ),\r\n        0\r\n    )\r\n)"
                              },
                              "runAfter": {
                                "StartDateYear": [
                                  "Succeeded"
                                ]
                              },
                              "metadata": {
                                "operationMetadataId": "a0e2c4a8-3645-4950-9d1a-e74bb7ac348f"
                              }
                            },
                            "StartDateYear": {
                              "type": "Compose",
                              "inputs": "@formatDateTime(\r\n    if (\r\n        equals(\r\n            body('Parse_processConfig_scheduled')?['params']?['scheduledRepeatUnitStart']?['key'],\r\n            'before'\r\n        ),\r\n        addDays(\r\n            formatDateTime(outputs('PerDateYear'),'yyyy-MM-dd'),\r\n            mul(-1,body('Parse_processConfig_scheduled')?['params']?['scheduledRepeatIntervalStart'])\r\n        ),\r\n        addDays(\r\n            formatDateTime(outputs('PerDateYear'),'yyyy-MM-dd'),\r\n            body('Parse_processConfig_scheduled')?['params']?['scheduledRepeatIntervalStart']\r\n        )\r\n    ),\r\n    'yyyy-MM-dd'\r\n)",
                              "runAfter": {
                                "PerDateYear": [
                                  "Succeeded"
                                ]
                              },
                              "metadata": {
                                "operationMetadataId": "456e2e0a-6b08-4d0a-a77e-0b90a1bc9c8f"
                              }
                            },
                            "Set_varDueDateYear": {
                              "type": "SetVariable",
                              "inputs": {
                                "name": "varDueDate",
                                "value": "@{formatDateTime(\r\n    if(\r\n        equals(\r\n            body('Parse_processConfig_scheduled')?['params']?['scheduledRepeatUnitDue']?['key'],\r\n            'before'\r\n        ),\r\n        addDays(\r\n            formatDateTime(outputs('PerDateYear'),'yyyy-MM-dd'),\r\n            mul(-1,body('Parse_processConfig_scheduled')?['params']?['scheduledRepeatIntervalDue'])\r\n        ),\r\n        addDays(\r\n            formatDateTime(outputs('PerDateYear'),'yyyy-MM-dd'),\r\n            body('Parse_processConfig_scheduled')?['params']?['scheduledRepeatIntervalDue']\r\n        )   \r\n    ),\r\n    'yyyy-MM-dd'\r\n)}"
                              },
                              "runAfter": {
                                "Set_varStartProcessToday_year": [
                                  "Succeeded"
                                ]
                              },
                              "metadata": {
                                "operationMetadataId": "ce487a66-6ec2-4682-8265-f363d2556359"
                              }
                            }
                          },
                          "case": "year"
                        },
                        "yearly": {
                          "actions": {
                            "PerDateYearly": {
                              "type": "Compose",
                              "inputs": "@formatDateTime(convertTimeZone(utcNow(), 'UTC','W. Europe Standard Time'),'yyyy-12-31')",
                              "metadata": {
                                "operationMetadataId": "3910c348-f8b7-4707-8d4b-1d1f9b933c18"
                              }
                            },
                            "Set_varStartProcessToday_yearly": {
                              "type": "SetVariable",
                              "inputs": {
                                "name": "varStartProcessToday",
                                "value": "@or(\r\n    equals(\r\n        formatDateTime(convertFromUtc(utcNow(), 'W. Europe Standard Time'),'yyyy-MM-dd'),\r\n        formatDateTime(convertTimeZone(body('Parse_processConfig_scheduled')?['params']?['scheduledFirstDate'], 'UTC','W. Europe Standard Time'),'yyyy-MM-dd')\r\n    ),\r\n    equals(\r\n        formatDateTime(convertFromUtc(utcNow(), 'W. Europe Standard Time'),'yyyy-MM-dd'),\r\n        outputs('StartDateYearly')\r\n    )\r\n)"
                              },
                              "runAfter": {
                                "StartDateYearly": [
                                  "Succeeded"
                                ]
                              },
                              "metadata": {
                                "operationMetadataId": "4df434cd-da02-46a8-bc91-5c4a47bb7b36"
                              }
                            },
                            "StartDateYearly": {
                              "type": "Compose",
                              "inputs": "@formatDateTime(\r\n    if (\r\n        equals(\r\n            body('Parse_processConfig_scheduled')?['params']?['scheduledRepeatUnitStart']?['key'],\r\n            'before'\r\n        ),\r\n        addDays(\r\n            formatDateTime(outputs('PerDateYearly'),'yyyy-MM-dd'),\r\n            mul(-1,body('Parse_processConfig_scheduled')?['params']?['scheduledRepeatIntervalStart'])\r\n        ),\r\n        addDays(\r\n            formatDateTime(outputs('PerDateYearly'),'yyyy-MM-dd'),\r\n            body('Parse_processConfig_scheduled')?['params']?['scheduledRepeatIntervalStart']\r\n        )\r\n    ),\r\n    'yyyy-MM-dd'\r\n)",
                              "runAfter": {
                                "PerDateYearly": [
                                  "Succeeded"
                                ]
                              },
                              "metadata": {
                                "operationMetadataId": "216dd25c-3a30-4d92-9910-68930b87b765"
                              }
                            },
                            "Set_varDueDateYearly": {
                              "type": "SetVariable",
                              "inputs": {
                                "name": "varDueDate",
                                "value": "@{formatDateTime(\r\n    if(\r\n        equals(\r\n            body('Parse_processConfig_scheduled')?['params']?['scheduledRepeatUnitDue']?['key'],\r\n            'before'\r\n        ),\r\n        addDays(\r\n            formatDateTime(outputs('PerDateYearly'),'yyyy-MM-dd'),\r\n            mul(-1,body('Parse_processConfig_scheduled')?['params']?['scheduledRepeatIntervalDue'])\r\n        ),\r\n        addDays(\r\n            formatDateTime(outputs('PerDateYearly'),'yyyy-MM-dd'),\r\n            body('Parse_processConfig_scheduled')?['params']?['scheduledRepeatIntervalDue']\r\n        )   \r\n    ),\r\n    'yyyy-MM-dd'\r\n)}"
                              },
                              "runAfter": {
                                "Set_varStartProcessToday_yearly": [
                                  "Succeeded"
                                ]
                              },
                              "metadata": {
                                "operationMetadataId": "9b1a2fd2-40ca-47de-b486-7b53dea7536c"
                              }
                            }
                          },
                          "case": "yearly"
                        },
                        "quarteryearly": {
                          "actions": {
                            "PerDateQuarterYearly": {
                              "type": "Compose",
                              "inputs": "@if(\r\n    lessOrEquals(\r\n        int(formatDateTime(convertTimeZone(utcNow(), 'UTC','W. Europe Standard Time'), 'MM')),\r\n        3\r\n    ),\r\n    formatDateTime(convertTimeZone(utcNow(), 'UTC','W. Europe Standard Time'),'yyyy-03-31'),\r\n    if(\r\n        lessOrEquals(\r\n            int(formatDateTime(convertTimeZone(utcNow(), 'UTC','W. Europe Standard Time'), 'MM')),\r\n            6\r\n        ),\r\n        formatDateTime(convertTimeZone(utcNow(), 'UTC','W. Europe Standard Time'),'yyyy-06-30'),\r\n        if(\r\n            lessOrEquals(\r\n                int(formatDateTime(convertTimeZone(utcNow(), 'UTC','W. Europe Standard Time'), 'MM')),\r\n                9\r\n            ),\r\n            formatDateTime(convertTimeZone(utcNow(), 'UTC','W. Europe Standard Time'),'yyyy-09-30'),\r\n            formatDateTime(convertTimeZone(utcNow(), 'UTC','W. Europe Standard Time'),'yyyy-12-31')\r\n        )\r\n    )\r\n)",
                              "metadata": {
                                "operationMetadataId": "b7f44d7c-f40f-4701-827f-cf0f75148e26"
                              }
                            },
                            "Set_varStartProcessToday_quarteryearly": {
                              "type": "SetVariable",
                              "inputs": {
                                "name": "varStartProcessToday",
                                "value": "@or(\r\n    equals(\r\n        formatDateTime(convertFromUtc(utcNow(), 'W. Europe Standard Time'),'yyyy-MM-dd'),\r\n        formatDateTime(convertTimeZone(body('Parse_processConfig_scheduled')?['params']?['scheduledFirstDate'], 'UTC','W. Europe Standard Time'),'yyyy-MM-dd')\r\n    ),\r\n    equals(\r\n        formatDateTime(convertFromUtc(utcNow(), 'W. Europe Standard Time'),'MM-dd'),\r\n        formatDateTime(outputs('StartDateQuarterYearly'),'MM-dd')\r\n    )\r\n)"
                              },
                              "runAfter": {
                                "StartDateQuarterYearly": [
                                  "Succeeded"
                                ]
                              },
                              "metadata": {
                                "operationMetadataId": "71571270-b525-4e41-8c2d-9bcecb7bd0a7"
                              }
                            },
                            "StartDateQuarterYearly": {
                              "type": "Compose",
                              "inputs": "@formatDateTime(\r\n    if (\r\n        equals(\r\n            body('Parse_processConfig_scheduled')?['params']?['scheduledRepeatUnitStart']?['key'],\r\n            'before'\r\n        ),\r\n        addDays(\r\n            formatDateTime(outputs('PerDateQuarterYearly'),'yyyy-MM-dd'),\r\n            mul(-1,body('Parse_processConfig_scheduled')?['params']?['scheduledRepeatIntervalStart'])\r\n        ),\r\n        addDays(\r\n            formatDateTime(outputs('PerDateQuarterYearly'),'yyyy-MM-dd'),\r\n            body('Parse_processConfig_scheduled')?['params']?['scheduledRepeatIntervalStart']\r\n        )\r\n    ),\r\n    'yyyy-MM-dd'\r\n)",
                              "runAfter": {
                                "PerDateQuarterYearly": [
                                  "Succeeded"
                                ]
                              },
                              "metadata": {
                                "operationMetadataId": "d2a0caa0-5d58-4451-9a04-12db39747269"
                              }
                            },
                            "Set_varDueDateQuarterYearly": {
                              "type": "SetVariable",
                              "inputs": {
                                "name": "varDueDate",
                                "value": "@{formatDateTime(\r\n    if(\r\n        equals(\r\n            body('Parse_processConfig_scheduled')?['params']?['scheduledRepeatUnitDue']?['key'],\r\n            'before'\r\n        ),\r\n        addDays(\r\n            formatDateTime(outputs('PerDateQuarterYearly'),'yyyy-MM-dd'),\r\n            mul(-1,body('Parse_processConfig_scheduled')?['params']?['scheduledRepeatIntervalDue'])\r\n        ),\r\n        addDays(\r\n            formatDateTime(outputs('PerDateQuarterYearly'),'yyyy-MM-dd'),\r\n            body('Parse_processConfig_scheduled')?['params']?['scheduledRepeatIntervalDue']\r\n        )   \r\n    ),\r\n    'yyyy-MM-dd'\r\n)}"
                              },
                              "runAfter": {
                                "Set_varStartProcessToday_quarteryearly": [
                                  "Succeeded"
                                ]
                              },
                              "metadata": {
                                "operationMetadataId": "189de9a7-0512-4d81-872e-ca0fde568151"
                              }
                            }
                          },
                          "case": "quarteryearly"
                        },
                        "halfyearly": {
                          "actions": {
                            "Set_varStartProcessToday_halfyearly": {
                              "type": "SetVariable",
                              "inputs": {
                                "name": "varStartProcessToday",
                                "value": "@or(\r\n    equals(\r\n        formatDateTime(convertFromUtc(utcNow(), 'W. Europe Standard Time'),'yyyy-MM-dd'),\r\n        formatDateTime(convertTimeZone(body('Parse_processConfig_scheduled')?['params']?['scheduledFirstDate'], 'UTC','W. Europe Standard Time'),'yyyy-MM-dd')\r\n    ),\r\n    equals(\r\n        formatDateTime(convertFromUtc(utcNow(), 'W. Europe Standard Time'),'MM-dd'),\r\n        formatDateTime(outputs('StartDateHalfYearly'),'MM-dd')\r\n    )\r\n)"
                              },
                              "runAfter": {
                                "StartDateHalfYearly": [
                                  "Succeeded"
                                ]
                              },
                              "metadata": {
                                "operationMetadataId": "037dfe2b-dbf0-4e35-b9f1-e8c57054e3cc"
                              }
                            },
                            "StartDateHalfYearly": {
                              "type": "Compose",
                              "inputs": "@formatDateTime(\r\n    if (\r\n        equals(\r\n            body('Parse_processConfig_scheduled')?['params']?['scheduledRepeatUnitStart']?['key'],\r\n            'before'\r\n        ),\r\n        addDays(\r\n            formatDateTime(outputs('PerDateHalfYearly'),'yyyy-MM-dd'),\r\n            mul(-1,body('Parse_processConfig_scheduled')?['params']?['scheduledRepeatIntervalStart'])\r\n        ),\r\n        addDays(\r\n            formatDateTime(outputs('PerDateHalfYearly'),'yyyy-MM-dd'),\r\n            body('Parse_processConfig_scheduled')?['params']?['scheduledRepeatIntervalStart']\r\n        )\r\n    ),\r\n    'yyyy-MM-dd'\r\n)",
                              "runAfter": {
                                "PerDateHalfYearly": [
                                  "Succeeded"
                                ]
                              },
                              "metadata": {
                                "operationMetadataId": "47670d84-874f-43cf-9415-f0aea84dc8ab"
                              }
                            },
                            "PerDateHalfYearly": {
                              "type": "Compose",
                              "inputs": "@if(\r\n    lessOrEquals(\r\n        int(formatDateTime(convertTimeZone(utcNow(), 'UTC','W. Europe Standard Time'), 'MM')),\r\n        6\r\n    ),\r\n    formatDateTime(convertTimeZone(utcNow(), 'UTC','W. Europe Standard Time'),'yyyy-06-30'),\r\n    formatDateTime(convertTimeZone(utcNow(), 'UTC','W. Europe Standard Time'),'yyyy-12-31')\r\n)",
                              "metadata": {
                                "operationMetadataId": "1e1d2d10-cb57-4abd-a7cb-023da07b3dd9"
                              }
                            },
                            "Set_varDueDateHalfYearly": {
                              "type": "SetVariable",
                              "inputs": {
                                "name": "varDueDate",
                                "value": "@{formatDateTime(\r\n    if(\r\n        equals(\r\n            body('Parse_processConfig_scheduled')?['params']?['scheduledRepeatUnitDue']?['key'],\r\n            'before'\r\n        ),\r\n        addDays(\r\n            formatDateTime(outputs('PerDateHalfYearly'),'yyyy-MM-dd'),\r\n            mul(-1,body('Parse_processConfig_scheduled')?['params']?['scheduledRepeatIntervalDue'])\r\n        ),\r\n        addDays(\r\n            formatDateTime(outputs('PerDateHalfYearly'),'yyyy-MM-dd'),\r\n            body('Parse_processConfig_scheduled')?['params']?['scheduledRepeatIntervalDue']\r\n        )   \r\n    ),\r\n    'yyyy-MM-dd'\r\n)}"
                              },
                              "runAfter": {
                                "Set_varStartProcessToday_halfyearly": [
                                  "Succeeded"
                                ]
                              },
                              "metadata": {
                                "operationMetadataId": "059f0d61-c02a-4796-86a9-e0c9262945c3"
                              }
                            }
                          },
                          "case": "halfyearly"
                        },
                        "ofMonth": {
                          "actions": {
                            "PerDateOfMonth": {
                              "type": "Compose",
                              "inputs": "2025-01-@{body('Parse_processConfig_scheduled')?['params']?['scheduledRepeatIntervalDate']}",
                              "metadata": {
                                "operationMetadataId": "0adee4d2-2c45-452e-a5a9-0776cc4f0573"
                              }
                            },
                            "Set_varStartProcessToday_ofMonth": {
                              "type": "SetVariable",
                              "inputs": {
                                "name": "varStartProcessToday",
                                "value": "@or(\r\n    equals(\r\n        formatDateTime(convertFromUtc(utcNow(), 'W. Europe Standard Time'),'yyyy-MM-dd'),\r\n        formatDateTime(convertTimeZone(body('Parse_processConfig_scheduled')?['params']?['scheduledFirstDate'], 'UTC','W. Europe Standard Time'),'yyyy-MM-dd')\r\n    ),\r\n    equals(\r\n        formatDateTime(outputs('StartDateOfMonth'),'dd'),\r\n        formatDateTime(convertFromUtc(utcNow(), 'W. Europe Standard Time'),'dd')\r\n    )\r\n)"
                              },
                              "runAfter": {
                                "StartDateOfMonth": [
                                  "Succeeded"
                                ]
                              },
                              "metadata": {
                                "operationMetadataId": "7c4dffa1-ffdc-4a43-b45d-99eec0f9611f"
                              }
                            },
                            "StartDateOfMonth": {
                              "type": "Compose",
                              "inputs": "@formatDateTime(\r\n    if (\r\n        equals(\r\n            body('Parse_processConfig_scheduled')?['params']?['scheduledRepeatUnitStart']?['key'],\r\n            'before'\r\n        ),\r\n        addDays(\r\n            formatDateTime(outputs('PerDateOfMonth'),'yyyy-MM-dd'),\r\n            mul(-1,body('Parse_processConfig_scheduled')?['params']?['scheduledRepeatIntervalStart'])\r\n        ),\r\n        addDays(\r\n            formatDateTime(outputs('PerDateOfMonth'),'yyyy-MM-dd'),\r\n            body('Parse_processConfig_scheduled')?['params']?['scheduledRepeatIntervalStart']\r\n        )\r\n    ),\r\n    'yyyy-MM-dd'\r\n)",
                              "runAfter": {
                                "PerDateOfMonth": [
                                  "Succeeded"
                                ]
                              },
                              "metadata": {
                                "operationMetadataId": "738096aa-943b-41b8-99be-600d353ef0fe"
                              }
                            },
                            "Set_varDueDateOfMonth": {
                              "type": "SetVariable",
                              "inputs": {
                                "name": "varDueDate",
                                "value": "@{formatDateTime(\r\n    if(\r\n        equals(\r\n            body('Parse_processConfig_scheduled')?['params']?['scheduledRepeatUnitDue']?['key'],\r\n            'before'\r\n        ),\r\n        addDays(\r\n            formatDateTime(outputs('PerDateOfMonth'),'yyyy-MM-dd'),\r\n            mul(-1,body('Parse_processConfig_scheduled')?['params']?['scheduledRepeatIntervalDue'])\r\n        ),\r\n        addDays(\r\n            formatDateTime(outputs('PerDateOfMonth'),'yyyy-MM-dd'),\r\n            body('Parse_processConfig_scheduled')?['params']?['scheduledRepeatIntervalDue']\r\n        )   \r\n    ),\r\n    'yyyy-MM-dd'\r\n)}"
                              },
                              "runAfter": {
                                "Set_varStartProcessToday_ofMonth": [
                                  "Succeeded"
                                ]
                              },
                              "metadata": {
                                "operationMetadataId": "6098fcf5-95ef-4363-a86d-c47940b03835"
                              }
                            }
                          },
                          "case": "ofMonth"
                        }
                      },
                      "metadata": {
                        "operationMetadataId": "210aa5c2-abed-49da-942b-3647d7042278"
                      }
                    },
                    "log_varStartProcessToday": {
                      "type": "Compose",
                      "inputs": "@variables('varStartProcessToday')",
                      "runAfter": {
                        "Switch_repeatUnit": [
                          "Succeeded"
                        ]
                      },
                      "metadata": {
                        "operationMetadataId": "c7c84447-8d52-4207-bdc2-428193cd7269"
                      }
                    }
                  },
                  "else": {
                    "actions": {}
                  },
                  "runAfter": {
                    "Parse_processConfig_scheduled": [
                      "Succeeded"
                    ]
                  },
                  "metadata": {
                    "operationMetadataId": "e4789e32-15c9-4b07-a4ee-3b619264f208"
                  }
                },
                "start_process": {
                  "type": "If",
                  "expression": {
                    "equals": [
                      "@variables('varStartProcessToday')",
                      "@true"
                    ]
                  },
                  "actions": {
                    "Run_next_step_check_scheduled": {
                      "type": "Workflow",
                      "inputs": {
                        "host": {
                          "workflowReferenceName": "344aee5f-2264-f011-bec3-6045bd2c6fae"
                        },
                        "body": {
                          "text_2": "@items('For_each_scheduled_process')?['visand_processtemplateid']",
                          "number_1": 1,
                          "text": "@outputs('Add_a_new_scheduled_process')?['body/visand_processid']",
                          "date": "@variables('varDueDate')"
                        }
                      },
                      "runAfter": {
                        "Add_a_new_scheduled_process": [
                          "Succeeded"
                        ]
                      },
                      "metadata": {
                        "operationMetadataId": "dc1b0c47-877d-44d9-8b16-747b3c04fa58"
                      }
                    },
                    "Add_a_new_scheduled_process": {
                      "type": "OpenApiConnection",
                      "inputs": {
                        "parameters": {
                          "entityName": "visand_processes",
                          "item/visand_name": "@items('For_each_scheduled_process')?['visand_name']",
                          "item/visand_activeprocessaid": "@body('Parse_processConfig_scheduled')?['aid']",
                          "item/visand_duedate": "@variables('varDueDate')",
                          "item/visand_processconfig": "@outputs('setCompleted')",
                          "item/visand_ProcessTemplate@odata.bind": "/visand_processes(@{items('For_each_scheduled_process')?['visand_processtemplateid']})",
                          "item/visand_responsibledisplayname": "@items('For_each_scheduled_process')?['visand_responsibledisplayname']",
                          "item/visand_responsibleobjectid": "@items('For_each_scheduled_process')?['visand_responsibleobjectid']",
                          "item/visand_responsibletype": "@items('For_each_scheduled_process')?['visand_responsibletype']",
                          "item/visand_status": 800000000,
                          "item/visand_templateversion": "@items('For_each_scheduled_process')?['visand_templateversion']",
                          "item/visand_triggertype": 800000003
                        },
                        "host": {
                          "apiId": "/providers/Microsoft.PowerApps/apis/shared_commondataserviceforapps",
                          "operationId": "CreateRecord",
                          "connectionName": "shared_commondataserviceforapps"
                        }
                      },
                      "runAfter": {
                        "setCompleted": [
                          "Succeeded"
                        ]
                      },
                      "metadata": {
                        "operationMetadataId": "b1ae6951-e97f-405c-b958-753b093d99f5"
                      }
                    },
                    "Parse_processConfigScheduled": {
                      "type": "ParseJson",
                      "inputs": {
                        "content": "@json(items('For_each_scheduled_process')?['visand_processconfig'])",
                        "schema": {
                          "type": "array",
                          "items": {
                            "type": "object",
                            "properties": {
                              "action": {
                                "type": "string"
                              },
                              "actionName": {
                                "type": "string"
                              },
                              "aid": {
                                "type": "string"
                              },
                              "completedBy": {
                                "anyOf": [
                                  {
                                    "type": "string"
                                  },
                                  {
                                    "type": "null"
                                  }
                                ]
                              },
                              "completedOn": {
                                "anyOf": [
                                  {
                                    "type": "string"
                                  },
                                  {
                                    "type": "null"
                                  }
                                ]
                              },
                              "aorder": {
                                "type": "integer"
                              },
                              "considerAsStep": {
                                "type": "boolean"
                              },
                              "icon": {
                                "type": "string"
                              },
                              "params": {
                                "type": "object",
                                "properties": {}
                              },
                              "instructions": {
                                "type": [
                                  "object",
                                  "null"
                                ],
                                "properties": {
                                  "instructions": {
                                    "anyOf": [
                                      {
                                        "type": "string"
                                      },
                                      {
                                        "type": "null"
                                      }
                                    ]
                                  },
                                  "subtitle": {
                                    "anyOf": [
                                      {
                                        "type": "string"
                                      },
                                      {
                                        "type": "null"
                                      }
                                    ]
                                  },
                                  "title": {
                                    "anyOf": [
                                      {
                                        "type": "string"
                                      },
                                      {
                                        "type": "null"
                                      }
                                    ]
                                  }
                                }
                              }
                            },
                            "required": [
                              "action",
                              "actionName",
                              "aid",
                              "aorder",
                              "considerAsStep",
                              "icon"
                            ]
                          }
                        }
                      },
                      "metadata": {
                        "operationMetadataId": "0e19b2a9-f332-4210-b98d-c04ab2a113e2"
                      }
                    },
                    "setCompleted": {
                      "type": "Compose",
                      "inputs": "@union(\r\n  array(\r\n    setProperty(\r\n      setProperty(\r\n        setProperty(\r\n          first(body('Parse_processConfigScheduled')), 'completedByDisplayName', parameters('flowDisplaySettings (visand_flowDisplaySettings)')?['flowName']\r\n        ),\r\n        'completedOn',\r\n        formatDateTime(utcNow(),'yyyy-MM-ddThh:mm')\r\n      ),\r\n      'completedBy',\r\n      parameters('flowDisplaySettings (visand_flowDisplaySettings)')?['flowObjectId']\r\n    )\r\n  ),\r\n  skip(body('Parse_processConfigScheduled'), 1)\r\n)",
                      "runAfter": {
                        "Parse_processConfigScheduled": [
                          "Succeeded"
                        ]
                      },
                      "metadata": {
                        "operationMetadataId": "57d8f951-4264-4d8b-aa9e-0b45285a4e87"
                      }
                    }
                  },
                  "else": {
                    "actions": {}
                  },
                  "runAfter": {
                    "firstDate_today_or_in_past": [
                      "Succeeded"
                    ]
                  },
                  "metadata": {
                    "operationMetadataId": "aeea6c9b-c140-4cc1-8f66-a61a16701466"
                  }
                }
              },
              "runAfter": {
                "List_scheduled_templates": [
                  "Succeeded"
                ]
              },
              "runtimeConfiguration": {
                "concurrency": {
                  "repetitions": 50
                }
              },
              "metadata": {
                "operationMetadataId": "1c0dd774-3318-4e5d-9528-f5f81003164f"
              }
            }
          },
          "runAfter": {
            "Initialize_varDueDate": [
              "Succeeded"
            ]
          },
          "metadata": {
            "operationMetadataId": "d319db34-0472-49d0-be5d-6913675d10a4"
          }
        },
        "Initialize_varProcessesFile": {
          "type": "InitializeVariable",
          "inputs": {
            "variables": [
              {
                "name": "varProcessesFile",
                "type": "array"
              }
            ]
          },
          "runAfter": {},
          "metadata": {
            "operationMetadataId": "b16d50fb-6657-4520-8e84-e68e09e9c4d4"
          }
        },
        "Initialize_varStartProcessToday": {
          "type": "InitializeVariable",
          "inputs": {
            "variables": [
              {
                "name": "varStartProcessToday",
                "type": "boolean",
                "value": false
              }
            ]
          },
          "runAfter": {},
          "metadata": {
            "operationMetadataId": "078e19c4-b40a-48a3-8a3d-fba82d97d9be"
          }
        },
        "Initialize_varDueDate": {
          "type": "InitializeVariable",
          "inputs": {
            "variables": [
              {
                "name": "varDueDate",
                "type": "string"
              }
            ]
          },
          "runAfter": {
            "Initialize_varStartProcessToday": [
              "Succeeded"
            ]
          },
          "metadata": {
            "operationMetadataId": "e239e85d-976a-4f18-9961-397f625833fd"
          }
        }
      }
    },
    "templateName": null
  },
  "schemaVersion": "1.0.0.0"
}