{
  "properties": {
    "connectionReferences": {
      "shared_sharepointonline": {
        "runtimeSource": "embedded",
        "connection": {
          "connectionReferenceLogicalName": "visand_SharePointUser"
        },
        "api": {
          "name": "shared_sharepointonline"
        }
      },
      "shared_azureblob": {
        "runtimeSource": "embedded",
        "connection": {
          "connectionReferenceLogicalName": "new_sharedazureblob_4fc36"
        },
        "api": {
          "name": "shared_azureblob"
        }
      }
    },
    "definition": {
      "$schema": "https://schema.management.azure.com/providers/Microsoft.Logic/schemas/2016-06-01/workflowdefinition.json#",
      "contentVersion": "1.0.0.0",
      "parameters": {
        "$authentication": {
          "defaultValue": {},
          "type": "SecureObject"
        },
        "$connections": {
          "defaultValue": {},
          "type": "Object"
        },
        "flowSite (visand_flowSite)": {
          "defaultValue": "https://visionand.sharepoint.com/sites/Flow2",
          "type": "String",
          "metadata": {
            "schemaName": "visand_flowSite"
          }
        },
        "flowDigitalInboxIn (visand_flowDigitalInboxIn)": {
          "defaultValue": "45dd663c-e466-4751-b1fd-98d578af0214",
          "type": "String",
          "metadata": {
            "schemaName": "visand_flowDigitalInboxIn",
            "description": "The library which the printer can send files to"
          }
        }
      },
      "triggers": {
        "When_a_file_is_created_(properties_only)": {
          "recurrence": {
            "interval": 5,
            "frequency": "Minute"
          },
          "splitOn": "@triggerOutputs()?['body/value']",
          "metadata": {
            "operationMetadataId": "71712511-3df9-4992-9c8f-fc81bc73faef"
          },
          "type": "OpenApiConnection",
          "inputs": {
            "parameters": {
              "dataset": "@parameters('flowSite (visand_flowSite)')",
              "table": "@parameters('flowDigitalInboxIn (visand_flowDigitalInboxIn)')"
            },
            "host": {
              "apiId": "/providers/Microsoft.PowerApps/apis/shared_sharepointonline",
              "operationId": "GetOnNewFileItems",
              "connectionName": "shared_sharepointonline"
            }
          }
        }
      },
      "actions": {
        "Create_blob_(V2)": {
          "runAfter": {
            "Get_file_content": [
              "Succeeded"
            ]
          },
          "metadata": {
            "operationMetadataId": "07451f2b-8477-47a3-8ca6-0e8e2e5d9c39"
          },
          "type": "OpenApiConnection",
          "inputs": {
            "parameters": {
              "dataset": "splitpdfsa",
              "folderPath": "/pdfs",
              "name": "@triggerOutputs()?['body/{FilenameWithExtension}']",
              "body": "@body('Get_file_content')"
            },
            "host": {
              "apiId": "/providers/Microsoft.PowerApps/apis/shared_azureblob",
              "operationId": "CreateFile_V2",
              "connectionName": "shared_azureblob"
            }
          },
          "runtimeConfiguration": {
            "contentTransfer": {
              "transferMode": "Chunked"
            }
          }
        },
        "Get_file_content": {
          "runAfter": {},
          "metadata": {
            "operationMetadataId": "85685a65-ae03-4f39-85f5-464205cdcf2e"
          },
          "type": "OpenApiConnection",
          "inputs": {
            "parameters": {
              "dataset": "@parameters('flowSite (visand_flowSite)')",
              "id": "@triggerOutputs()?['body/{Identifier}']",
              "inferContentType": true
            },
            "host": {
              "apiId": "/providers/Microsoft.PowerApps/apis/shared_sharepointonline",
              "operationId": "GetFileContent",
              "connectionName": "shared_sharepointonline"
            }
          }
        },
        "Delete_file": {
          "runAfter": {
            "Create_blob_(V2)": [
              "Succeeded"
            ]
          },
          "metadata": {
            "operationMetadataId": "4c9ca65e-ce94-416f-86b2-fc5f17d952e3"
          },
          "type": "OpenApiConnection",
          "inputs": {
            "parameters": {
              "dataset": "@parameters('flowSite (visand_flowSite)')",
              "id": "@triggerOutputs()?['body/{Identifier}']"
            },
            "host": {
              "apiId": "/providers/Microsoft.PowerApps/apis/shared_sharepointonline",
              "operationId": "DeleteFile",
              "connectionName": "shared_sharepointonline"
            }
          }
        }
      },
      "outputs": {}
    },
    "templateName": null
  },
  "schemaVersion": "1.0.0.0"
}