{
  "properties": {
    "connectionReferences": {
      "shared_commondataserviceforapps": {
        "runtimeSource": "embedded",
        "connection": {
          "connectionReferenceLogicalName": "visand_sharedcommondataserviceforapps_0b95f"
        },
        "api": {
          "name": "shared_commondataserviceforapps"
        }
      },
      "shared_sharepointonline": {
        "runtimeSource": "embedded",
        "connection": {
          "connectionReferenceLogicalName": "visand_SharePointUser"
        },
        "api": {
          "name": "shared_sharepointonline"
        }
      },
      "shared_office365_1": {
        "runtimeSource": "embedded",
        "connection": {
          "connectionReferenceLogicalName": "visand_Office365OutlookServiceUser"
        },
        "api": {
          "name": "shared_office365"
        }
      }
    },
    "definition": {
      "$schema": "https://schema.management.azure.com/providers/Microsoft.Logic/schemas/2016-06-01/workflowdefinition.json#",
      "contentVersion": "1.0.0.0",
      "parameters": {
        "$connections": {
          "defaultValue": {},
          "type": "Object"
        },
        "$authentication": {
          "defaultValue": {},
          "type": "SecureObject"
        },
        "flowSharedMailbox (visand_flowSharedMailbox)": {
          "defaultValue": "flow@visionand.ch",
          "type": "String",
          "metadata": {
            "schemaName": "visand_flowSharedMailbox",
            "description": "The shared mailbox that will be used as a trigger for processes"
          }
        },
        "flowSite (visand_flowSite)": {
          "defaultValue": "https://visionand.sharepoint.com/sites/Flow2",
          "type": "String",
          "metadata": {
            "schemaName": "visand_flowSite"
          }
        },
        "flowDisplaySettings (visand_flowDisplaySettings)": {
          "defaultValue": {
            "flowName": "Flow",
            "flowObjectId": "fce29f87-0401-4204-b7f6-c9b3446bf4a6"
          },
          "type": "Object",
          "metadata": {
            "schemaName": "visand_flowDisplaySettings",
            "description": "The flow name and id so that users can see if actions completed automatically"
          }
        }
      },
      "triggers": {
        "When_a_new_email_arrives_in_a_shared_mailbox_(V2)": {
          "recurrence": {
            "interval": 1,
            "frequency": "Minute"
          },
          "splitOn": "@triggerOutputs()?['body/value']",
          "metadata": {
            "operationMetadataId": "5f1c302f-7279-452b-ba0b-e292a5d1d158"
          },
          "type": "OpenApiConnection",
          "inputs": {
            "host": {
              "connectionName": "shared_office365_1",
              "operationId": "SharedMailboxOnNewEmailV2",
              "apiId": "/providers/Microsoft.PowerApps/apis/shared_office365"
            },
            "parameters": {
              "mailboxAddress": "@{parameters('flowSharedMailbox (visand_flowSharedMailbox)')};",
              "folderId": "Inbox",
              "importance": "Any",
              "hasAttachments": false,
              "includeAttachments": true
            },
            "authentication": "@parameters('$authentication')"
          }
        }
      },
      "actions": {
        "targetedMailbox": {
          "runAfter": {},
          "metadata": {
            "operationMetadataId": "aba4650c-8a2f-46ea-8070-5306e5578005"
          },
          "type": "Compose",
          "inputs": "@split(split(triggerOutputs()?['body/toRecipients'], '+')[1], '@')[0]"
        },
        "List_mail_templates": {
          "runAfter": {
            "targetedMailbox": [
              "Succeeded"
            ]
          },
          "metadata": {
            "operationMetadataId": "f64a366e-a8ba-4d25-be65-850fda36bae9"
          },
          "type": "OpenApiConnection",
          "inputs": {
            "host": {
              "connectionName": "shared_commondataserviceforapps",
              "operationId": "ListRecords",
              "apiId": "/providers/Microsoft.PowerApps/apis/shared_commondataserviceforapps"
            },
            "parameters": {
              "entityName": "visand_processtemplates",
              "$filter": "visand_triggertype eq 800000001 and visand_active eq true and visand_triggeremail eq '@{outputs('targetedMailbox')}'",
              "x-ms-odata-metadata-full": false
            },
            "authentication": "@parameters('$authentication')"
          }
        },
        "For_each_mail_process": {
          "foreach": "@outputs('List_mail_templates')?['body/value']",
          "actions": {
            "Parse_processConfig": {
              "runAfter": {},
              "metadata": {
                "operationMetadataId": "ea4abd17-fee2-455d-a735-d6acef905fdb"
              },
              "type": "ParseJson",
              "inputs": {
                "content": "@json(items('For_each_mail_process')?['visand_processconfig'])",
                "schema": {
                  "type": "array",
                  "items": {
                    "type": "object",
                    "properties": {
                      "action": {
                        "type": "string"
                      },
                      "actionName": {
                        "type": "string"
                      },
                      "aid": {
                        "type": "string"
                      },
                      "completedBy": {
                        "anyOf": [
                          {
                            "type": "string"
                          },
                          {
                            "type": "null"
                          }
                        ]
                      },
                      "completedOn": {
                        "anyOf": [
                          {
                            "type": "string"
                          },
                          {
                            "type": "null"
                          }
                        ]
                      },
                      "aorder": {
                        "type": "integer"
                      },
                      "considerAsStep": {
                        "type": "boolean"
                      },
                      "icon": {
                        "type": "string"
                      },
                      "params": {
                        "type": "object",
                        "properties": {
                          "scheduledFirstDate": {},
                          "scheduledRepeatIntervalDate": {},
                          "scheduledRepeatIntervalDue": {},
                          "scheduledRepeatIntervalStart": {},
                          "scheduledRepeatUnitDate": {},
                          "scheduledRepeatUnitDue": {},
                          "scheduledRepeatUnitStart": {}
                        }
                      },
                      "instructions": {
                        "type": [
                          "object",
                          "null"
                        ],
                        "properties": {
                          "instructions": {
                            "anyOf": [
                              {
                                "type": "string"
                              },
                              {
                                "type": "null"
                              }
                            ]
                          },
                          "subtitle": {
                            "anyOf": [
                              {
                                "type": "string"
                              },
                              {
                                "type": "null"
                              }
                            ]
                          },
                          "title": {
                            "anyOf": [
                              {
                                "type": "string"
                              },
                              {
                                "type": "null"
                              }
                            ]
                          }
                        }
                      }
                    },
                    "required": [
                      "action",
                      "actionName",
                      "aid",
                      "aorder",
                      "considerAsStep",
                      "icon"
                    ]
                  }
                }
              }
            },
            "Add_a_new_mail_process": {
              "runAfter": {
                "setCompleted": [
                  "Succeeded"
                ]
              },
              "metadata": {
                "operationMetadataId": "13da5776-e4d8-421e-9a87-49341c71d686"
              },
              "type": "OpenApiConnection",
              "inputs": {
                "host": {
                  "connectionName": "shared_commondataserviceforapps",
                  "operationId": "CreateRecord",
                  "apiId": "/providers/Microsoft.PowerApps/apis/shared_commondataserviceforapps"
                },
                "parameters": {
                  "entityName": "visand_processes",
                  "item/visand_name": "@items('For_each_mail_process')?['visand_name']",
                  "item/visand_activeprocessaid": "@first(body('Parse_processConfig'))?['aid']",
                  "item/visand_processconfig": "@outputs('setCompleted')",
                  "item/visand_ProcessTemplate@odata.bind": "/visand_processes(@{items('For_each_mail_process')?['visand_processtemplateid']})",
                  "item/visand_responsibledisplayname": "@items('For_each_mail_process')?['visand_responsibledisplayname']",
                  "item/visand_responsibleobjectid": "@items('For_each_mail_process')?['visand_responsibleobjectid']",
                  "item/visand_responsibletype": "@items('For_each_mail_process')?['visand_responsibletype']",
                  "item/visand_status": 800000000,
                  "item/visand_templateversion": "@items('For_each_mail_process')?['visand_templateversion']",
                  "item/visand_triggertype": 800000001
                },
                "authentication": "@parameters('$authentication')"
              }
            },
            "Run_next_step_check_mail": {
              "runAfter": {
                "Update_a_row": [
                  "Succeeded"
                ]
              },
              "metadata": {
                "operationMetadataId": "2d070938-242b-469a-841a-1cad7c0905e0"
              },
              "type": "Workflow",
              "inputs": {
                "host": {
                  "workflowReferenceName": "344aee5f-2264-f011-bec3-6045bd2c6fae"
                },
                "body": {
                  "text_2": "@items('For_each_mail_process')?['visand_processtemplateid']",
                  "number_1": 1,
                  "text": "@outputs('Add_a_new_mail_process')?['body/visand_processid']"
                }
              }
            },
            "Export_Mail_and_Attachments": {
              "actions": {
                "Upload_mail": {
                  "runAfter": {
                    "Export_email_(V2)": [
                      "Succeeded"
                    ]
                  },
                  "metadata": {
                    "operationMetadataId": "bc940c83-25fc-4b85-bde1-1b2179a2c77d"
                  },
                  "type": "OpenApiConnection",
                  "inputs": {
                    "host": {
                      "connectionName": "shared_sharepointonline",
                      "operationId": "CreateFile",
                      "apiId": "/providers/Microsoft.PowerApps/apis/shared_sharepointonline"
                    },
                    "parameters": {
                      "dataset": "@parameters('flowSite (visand_flowSite)')",
                      "folderPath": "/Freigegebene Dokumente/@{outputs('Add_a_new_mail_process')?['body/visand_processnumber']}",
                      "name": "@{triggerOutputs()?['body/subject']}.eml",
                      "body": "@body('Export_email_(V2)')"
                    },
                    "authentication": "@parameters('$authentication')"
                  },
                  "runtimeConfiguration": {
                    "contentTransfer": {
                      "transferMode": "Chunked"
                    }
                  }
                },
                "Export_email_(V2)": {
                  "runAfter": {},
                  "metadata": {
                    "operationMetadataId": "8afbaaca-32dc-4eae-aed1-36ad366ecaf8"
                  },
                  "type": "OpenApiConnection",
                  "inputs": {
                    "host": {
                      "connectionName": "shared_office365_1",
                      "operationId": "ExportEmail_V2",
                      "apiId": "/providers/Microsoft.PowerApps/apis/shared_office365"
                    },
                    "parameters": {
                      "messageId": "@triggerOutputs()?['body/id']",
                      "mailboxAddress": "@{parameters('flowSharedMailbox (visand_flowSharedMailbox)')};"
                    },
                    "authentication": "@parameters('$authentication')"
                  }
                }
              },
              "runAfter": {
                "Add_a_new_mail_process": [
                  "Succeeded"
                ]
              },
              "metadata": {
                "operationMetadataId": "b66a989d-8ec8-4504-8b65-88a0b3f4ad8c"
              },
              "type": "Scope"
            },
            "Update_a_row": {
              "runAfter": {
                "Export_Mail_and_Attachments": [
                  "Succeeded"
                ]
              },
              "metadata": {
                "operationMetadataId": "7acc35f5-1d88-49b8-aa6f-e6c0b4c0604f"
              },
              "type": "OpenApiConnection",
              "inputs": {
                "host": {
                  "connectionName": "shared_commondataserviceforapps",
                  "operationId": "UpdateOnlyRecord",
                  "apiId": "/providers/Microsoft.PowerApps/apis/shared_commondataserviceforapps"
                },
                "parameters": {
                  "entityName": "visand_processes",
                  "recordId": "@outputs('Add_a_new_mail_process')?['body/visand_processid']",
                  "item/visand_triggerconfig": "{\n    \"fileName\": \"@{outputs('Upload_mail')?['body/Name']}\",\n    \"fileUrl\": \"@{parameters('flowSite (visand_flowSite)')}/@{outputs('Upload_mail')?['body/Path']}\"\n}"
                },
                "authentication": "@parameters('$authentication')"
              }
            },
            "setCompleted": {
              "runAfter": {
                "Parse_processConfig": [
                  "Succeeded"
                ]
              },
              "metadata": {
                "operationMetadataId": "82ac2fb0-ec06-4785-9124-b4464e033540"
              },
              "type": "Compose",
              "inputs": "@union(\r\n  array(\r\n    setProperty(\r\n      setProperty(\r\n        setProperty(\r\n          first(body('Parse_processConfig')), 'completedByDisplayName', parameters('flowDisplaySettings (visand_flowDisplaySettings)')?['flowName']\r\n        ),\r\n        'completedOn',\r\n        formatDateTime(utcNow(),'yyyy-MM-ddThh:mm')\r\n      ),\r\n      'completedBy',\r\n      parameters('flowDisplaySettings (visand_flowDisplaySettings)')?['flowObjectId']\r\n    )\r\n  ),\r\n  skip(body('Parse_processConfig'), 1)\r\n)"
            }
          },
          "runAfter": {
            "List_mail_templates": [
              "Succeeded"
            ]
          },
          "metadata": {
            "operationMetadataId": "e8c8edaa-4977-41e3-b13f-125365645c85"
          },
          "type": "Foreach",
          "runtimeConfiguration": {
            "concurrency": {
              "repetitions": 50
            }
          }
        }
      }
    },
    "templateName": ""
  },
  "schemaVersion": "1.0.0.0"
}