<ImportExportXml version="9.2.25021.206" SolutionPackageVersion="9.2" languagecode="1033" generatedBy="CrmLive" xmlns:xsi="http://www.w3.org/2001/XMLSchema-instance" OrganizationVersion="9.2.25021.206" OrganizationSchemaType="Standard" CRMServerServiceabilityVersion="9.2.25021.00206">
  <SolutionManifest>
    <UniqueName>CreatorKitCore</UniqueName>
    <LocalizedNames>
      <LocalizedName description="Creator Kit" languagecode="1033" />
    </LocalizedNames>
    <Descriptions>
      <Description description="This toolkit helps create well-designed Power App experiences on the web &amp; mobile. It contains a component library; PCF controls and other utilities that increase developer productivity. Learn more at https://aka.ms/creatorkit." languagecode="1033" />
    </Descriptions>
    <Version>1.0.20250310.1</Version>
    <Managed>1</Managed>
    <Publisher>
      <UniqueName>PowerCat</UniqueName>
      <LocalizedNames>
        <LocalizedName description="PowerCAT" languagecode="1033" />
      </LocalizedNames>
      <Descriptions>
        <Description description="PowerCAT" languagecode="1033" />
      </Descriptions>
      <EMailAddress xsi:nil="true"></EMailAddress>
      <SupportingWebsiteUrl xsi:nil="true"></SupportingWebsiteUrl>
      <CustomizationPrefix>cat</CustomizationPrefix>
      <CustomizationOptionValuePrefix>33535</CustomizationOptionValuePrefix>
      <Addresses>
        <Address>
          <AddressNumber>1</AddressNumber>
          <AddressTypeCode>1</AddressTypeCode>
          <City xsi:nil="true"></City>
          <County xsi:nil="true"></County>
          <Country xsi:nil="true"></Country>
          <Fax xsi:nil="true"></Fax>
          <FreightTermsCode xsi:nil="true"></FreightTermsCode>
          <ImportSequenceNumber xsi:nil="true"></ImportSequenceNumber>
          <Latitude xsi:nil="true"></Latitude>
          <Line1 xsi:nil="true"></Line1>
          <Line2 xsi:nil="true"></Line2>
          <Line3 xsi:nil="true"></Line3>
          <Longitude xsi:nil="true"></Longitude>
          <Name xsi:nil="true"></Name>
          <PostalCode xsi:nil="true"></PostalCode>
          <PostOfficeBox xsi:nil="true"></PostOfficeBox>
          <PrimaryContactName xsi:nil="true"></PrimaryContactName>
          <ShippingMethodCode>1</ShippingMethodCode>
          <StateOrProvince xsi:nil="true"></StateOrProvince>
          <Telephone1 xsi:nil="true"></Telephone1>
          <Telephone2 xsi:nil="true"></Telephone2>
          <Telephone3 xsi:nil="true"></Telephone3>
          <TimeZoneRuleVersionNumber xsi:nil="true"></TimeZoneRuleVersionNumber>
          <UPSZone xsi:nil="true"></UPSZone>
          <UTCOffset xsi:nil="true"></UTCOffset>
          <UTCConversionTimeZoneCode xsi:nil="true"></UTCConversionTimeZoneCode>
        </Address>
        <Address>
          <AddressNumber>2</AddressNumber>
          <AddressTypeCode>1</AddressTypeCode>
          <City xsi:nil="true"></City>
          <County xsi:nil="true"></County>
          <Country xsi:nil="true"></Country>
          <Fax xsi:nil="true"></Fax>
          <FreightTermsCode xsi:nil="true"></FreightTermsCode>
          <ImportSequenceNumber xsi:nil="true"></ImportSequenceNumber>
          <Latitude xsi:nil="true"></Latitude>
          <Line1 xsi:nil="true"></Line1>
          <Line2 xsi:nil="true"></Line2>
          <Line3 xsi:nil="true"></Line3>
          <Longitude xsi:nil="true"></Longitude>
          <Name xsi:nil="true"></Name>
          <PostalCode xsi:nil="true"></PostalCode>
          <PostOfficeBox xsi:nil="true"></PostOfficeBox>
          <PrimaryContactName xsi:nil="true"></PrimaryContactName>
          <ShippingMethodCode>1</ShippingMethodCode>
          <StateOrProvince xsi:nil="true"></StateOrProvince>
          <Telephone1 xsi:nil="true"></Telephone1>
          <Telephone2 xsi:nil="true"></Telephone2>
          <Telephone3 xsi:nil="true"></Telephone3>
          <TimeZoneRuleVersionNumber xsi:nil="true"></TimeZoneRuleVersionNumber>
          <UPSZone xsi:nil="true"></UPSZone>
          <UTCOffset xsi:nil="true"></UTCOffset>
          <UTCConversionTimeZoneCode xsi:nil="true"></UTCConversionTimeZoneCode>
        </Address>
      </Addresses>
    </Publisher>
    <RootComponents>
      <RootComponent type="1" schemaName="cat_sample" behavior="0" />
      <RootComponent type="66" schemaName="cat_PowerCAT.AutoWidthLabel" behavior="0" />
      <RootComponent type="66" schemaName="cat_PowerCAT.Breadcrumb" behavior="0" />
      <RootComponent type="66" schemaName="cat_PowerCAT.Calendar" behavior="0" />
      <RootComponent type="66" schemaName="cat_PowerCAT.Card" behavior="0" />
      <RootComponent type="66" schemaName="cat_PowerCAT.CommandBar" behavior="0" />
      <RootComponent type="66" schemaName="cat_PowerCAT.ContextMenu" behavior="0" />
      <RootComponent type="66" schemaName="cat_PowerCAT.DonutChart" behavior="0" />
      <RootComponent type="66" schemaName="cat_PowerCAT.Elevation" behavior="0" />
      <RootComponent type="66" schemaName="cat_PowerCAT.Facepile" behavior="0" />
      <RootComponent type="66" schemaName="cat_PowerCAT.FluentDetailsList" behavior="0" />
      <RootComponent type="66" schemaName="cat_PowerCAT.GaugeChart" behavior="0" />
      <RootComponent type="66" schemaName="cat_PowerCAT.HorizontalBarChart" behavior="0" />
      <RootComponent type="66" schemaName="cat_PowerCAT.Icon" behavior="0" />
      <RootComponent type="66" schemaName="cat_PowerCAT.KeyboardShortcuts" behavior="0" />
      <RootComponent type="66" schemaName="cat_PowerCAT.MaskedTextField" behavior="0" />
      <RootComponent type="66" schemaName="cat_PowerCAT.Nav" behavior="0" />
      <RootComponent type="66" schemaName="cat_PowerCAT.PeoplePicker" behavior="0" />
      <RootComponent type="66" schemaName="cat_PowerCAT.Persona" behavior="0" />
      <RootComponent type="66" schemaName="cat_PowerCAT.Picker" behavior="0" />
      <RootComponent type="66" schemaName="cat_PowerCAT.Pivot" behavior="0" />
      <RootComponent type="66" schemaName="cat_PowerCAT.ProgressIndicator" behavior="0" />
      <RootComponent type="66" schemaName="cat_PowerCAT.ResizableTextarea" behavior="0" />
      <RootComponent type="66" schemaName="cat_PowerCAT.SearchBox" behavior="0" />
      <RootComponent type="66" schemaName="cat_PowerCAT.Shimmer" behavior="0" />
      <RootComponent type="66" schemaName="cat_PowerCAT.SpinButton" behavior="0" />
      <RootComponent type="66" schemaName="cat_PowerCAT.Spinner" behavior="0" />
      <RootComponent type="66" schemaName="cat_PowerCAT.StackedBarChart" behavior="0" />
      <RootComponent type="66" schemaName="cat_PowerCAT.SubwayNav" behavior="0" />
      <RootComponent type="66" schemaName="cat_PowerCAT.TagList" behavior="0" />
      <RootComponent type="66" schemaName="cat_PowerCAT.ThemeDesigner" behavior="0" />
      <RootComponent type="300" schemaName="cat_powercatcomponentlibrary_0be3a" behavior="0" />
    </RootComponents>
    <MissingDependencies />
  </SolutionManifest>
</ImportExportXml>