<manifest><control namespace="PowerCAT" constructor="ThemeDesigner" version="1.1.43" display-name-key="ThemeDesigner" description-key="ThemeDesigner_Desc" control-type="virtual" api-version="1.3.14"><property name="ThemeJSON" display-name-key="ThemeJSON" of-type="Multiple" usage="bound" required="false" /><property name="PrimaryColor" display-name-key="PrimaryColor" of-type="SingleLine.Text" default-value="#0078d4" usage="bound" required="true" /><property name="TextColor" display-name-key="TextColor" of-type="SingleLine.Text" default-value="#323130" usage="bound" required="true" /><property name="BackgroundColor" display-name-key="BackgroundColor" of-type="SingleLine.Text" default-value="#ffffff" usage="bound" required="true" /><resources><code path="bundle.js" order="1" /><resx path="strings/FluentThemeDesigner.1033.resx" version="1.0.0" /><platform-library name="React" version="16.8.6" /><platform-library name="Fluent" version="8.29.0" /></resources><built-by name="pac" version="1.32.5" /></control></manifest>