<environmentvariabledefinition schemaname="visand_flowBackup">
  <apiid>/providers/microsoft.powerapps/apis/shared_sharepointonline</apiid>
  <description default="The library that will ultimately contain the backup files">
    <label description="The library that will ultimately contain the backup files" languagecode="1033" />
  </description>
  <displayname default="flowBackup">
    <label description="flowBackup" languagecode="1033" />
  </displayname>
  <introducedversion>1.0.0.0</introducedversion>
  <iscustomizable>1</iscustomizable>
  <isrequired>0</isrequired>
  <parameterkey>table</parameterkey>
  <parentdefinitionid>
    <schemaname>visand_flowSite</schemaname>
  </parentdefinitionid>
  <secretstore>0</secretstore>
  <type>100000004</type>
</environmentvariabledefinition>