<manifest><control namespace="PowerCAT" constructor="ContextMenu" version="1.1.41" display-name-key="ContextMenu" description-key="ContextMenu_Desc" control-type="virtual" api-version="1.3.16"><property name="Chevron" display-name-key="Chevron" of-type="TwoOptions" usage="input" default-value="true" /><property name="IconColor" display-name-key="IconColor" of-type="SingleLine.Text" usage="input" /><property name="HoverIconColor" display-name-key="HoverIconColor" of-type="SingleLine.Text" usage="input" /><property name="IconSize" display-name-key="IconSize" of-type="Whole.None" usage="input" /><property name="FontSize" display-name-key="FontSize" of-type="Whole.None" usage="input" /><property name="FontColor" display-name-key="FontColor" of-type="SingleLine.Text" usage="input" /><property name="HoverFontColor" display-name-key="HoverFontColor" of-type="SingleLine.Text" usage="input" /><property name="FillColor" display-name-key="FillColor" of-type="SingleLine.Text" usage="input" /><property name="HoverFillColor" display-name-key="HoverFillColor" of-type="SingleLine.Text" usage="input" /><property name="BorderColor" display-name-key="BorderColor" of-type="SingleLine.Text" usage="input" /><property name="HoverBorderColor" display-name-key="HoverBorderColor" of-type="SingleLine.Text" usage="input" /><property name="BorderRadius" display-name-key="BorderRadius" of-type="Whole.None" usage="input" /><property name="TextAlignment" display-name-key="TextAlignment" of-type="Enum" usage="input" default-value="0"><value name="Center" display-name-key="Center">0</value><value name="Left" display-name-key="Left">1</value><value name="Right" display-name-key="Right">2</value></property><property name="AccessibilityLabel" display-name-key="AccessibilityLabel" of-type="SingleLine.Text" usage="input" required="false" /><property name="Theme" display-name-key="Theme" of-type="Multiple" usage="input" required="false" /><property name="InputEvent" display-name-key="InputEvent" of-type="SingleLine.Text" usage="input" /><data-set name="items" display-name-key="Items"><property-set name="ItemDisplayName" display-name-key="Display Name" of-type="SingleLine.Text" usage="bound" required="true" /><property-set name="ItemKey" display-name-key="Key" of-type="SingleLine.Text" usage="bound" required="true" /><property-set name="ItemEnabled" display-name-key="Enabled" of-type="TwoOptions" usage="bound" required="false" /><property-set name="ItemVisible" display-name-key="Visible" of-type="TwoOptions" usage="bound" required="false" /><property-set name="ItemChecked" display-name-key="ItemChecked" of-type="TwoOptions" usage="bound" required="false" /><property-set name="ItemIconName" display-name-key="IconName" of-type="SingleLine.Text" usage="bound" required="false" /><property-set name="ItemIconColor" display-name-key="IconColor" of-type="SingleLine.Text" usage="bound" required="false" /><property-set name="ItemIconOnly" display-name-key="IconOnly" of-type="TwoOptions" usage="bound" required="false" /><property-set name="ItemHeader" display-name-key="ItemHeader" of-type="TwoOptions" usage="bound" required="false" /><property-set name="ItemTopDivider" display-name-key="ItemTopDivider" of-type="TwoOptions" usage="bound" required="false" /><property-set name="ItemDivider" display-name-key="ItemDivider" of-type="TwoOptions" usage="bound" required="false" /><property-set name="ItemParentKey" display-name-key="ParentKey" of-type="SingleLine.Text" usage="bound" required="false" /></data-set><resources><code path="bundle.js" order="1" /><resx path="strings/ContextMenu.1033.resx" version="1.0.0" /><platform-library name="React" version="16.14.0" /><platform-library name="Fluent" version="8.121.1" /></resources><feature-usage /><built-by name="pac" version="1.39.3" /></control></manifest>