<environmentvariabledefinition schemaname="visand_flowDigitalInbox">
  <apiid>/providers/microsoft.powerapps/apis/shared_sharepointonline</apiid>
  <description default="The library pointing to the digital inbox. Scanned documents can be uploaded here">
    <label description="The library pointing to the digital inbox. Scanned documents can be uploaded here" languagecode="1033" />
  </description>
  <displayname default="flowDigitalInbox">
    <label description="flowDigitalInbox" languagecode="1033" />
  </displayname>
  <introducedversion>1.0.0.0</introducedversion>
  <iscustomizable>1</iscustomizable>
  <isrequired>0</isrequired>
  <parameterkey>table</parameterkey>
  <parentdefinitionid>
    <schemaname>visand_flowSite</schemaname>
  </parentdefinitionid>
  <secretstore>0</secretstore>
  <type>100000004</type>
</environmentvariabledefinition>