<ImportExportXml version="9.2.25073.164" SolutionPackageVersion="9.2" languagecode="1033" generatedBy="CrmLive" xmlns:xsi="http://www.w3.org/2001/XMLSchema-instance" OrganizationVersion="9.2.25073.164" OrganizationSchemaType="Standard" CRMServerServiceabilityVersion="9.2.25073.00164">
  <SolutionManifest>
    <UniqueName>ProcessApp</UniqueName>
    <LocalizedNames>
      <LocalizedName description="Flow 2" languagecode="1033" />
    </LocalizedNames>
    <Descriptions />
    <Version>1.0.0.18</Version>
    <Managed>1</Managed>
    <Publisher>
      <UniqueName>visionand</UniqueName>
      <LocalizedNames>
        <LocalizedName description="visionand" languagecode="1033" />
      </LocalizedNames>
      <Descriptions>
        <Description description="https://www.visionand.ch/" languagecode="1033" />
      </Descriptions>
      <EMailAddress xsi:nil="true"></EMailAddress>
      <SupportingWebsiteUrl xsi:nil="true"></SupportingWebsiteUrl>
      <CustomizationPrefix>visand</CustomizationPrefix>
      <CustomizationOptionValuePrefix>80000</CustomizationOptionValuePrefix>
      <Addresses>
        <Address>
          <AddressNumber>1</AddressNumber>
          <AddressTypeCode>1</AddressTypeCode>
          <City xsi:nil="true"></City>
          <County xsi:nil="true"></County>
          <Country xsi:nil="true"></Country>
          <Fax xsi:nil="true"></Fax>
          <FreightTermsCode xsi:nil="true"></FreightTermsCode>
          <ImportSequenceNumber xsi:nil="true"></ImportSequenceNumber>
          <Latitude xsi:nil="true"></Latitude>
          <Line1 xsi:nil="true"></Line1>
          <Line2 xsi:nil="true"></Line2>
          <Line3 xsi:nil="true"></Line3>
          <Longitude xsi:nil="true"></Longitude>
          <Name xsi:nil="true"></Name>
          <PostalCode xsi:nil="true"></PostalCode>
          <PostOfficeBox xsi:nil="true"></PostOfficeBox>
          <PrimaryContactName xsi:nil="true"></PrimaryContactName>
          <ShippingMethodCode>1</ShippingMethodCode>
          <StateOrProvince xsi:nil="true"></StateOrProvince>
          <Telephone1 xsi:nil="true"></Telephone1>
          <Telephone2 xsi:nil="true"></Telephone2>
          <Telephone3 xsi:nil="true"></Telephone3>
          <TimeZoneRuleVersionNumber xsi:nil="true"></TimeZoneRuleVersionNumber>
          <UPSZone xsi:nil="true"></UPSZone>
          <UTCOffset xsi:nil="true"></UTCOffset>
          <UTCConversionTimeZoneCode xsi:nil="true"></UTCConversionTimeZoneCode>
        </Address>
        <Address>
          <AddressNumber>2</AddressNumber>
          <AddressTypeCode>1</AddressTypeCode>
          <City xsi:nil="true"></City>
          <County xsi:nil="true"></County>
          <Country xsi:nil="true"></Country>
          <Fax xsi:nil="true"></Fax>
          <FreightTermsCode xsi:nil="true"></FreightTermsCode>
          <ImportSequenceNumber xsi:nil="true"></ImportSequenceNumber>
          <Latitude xsi:nil="true"></Latitude>
          <Line1 xsi:nil="true"></Line1>
          <Line2 xsi:nil="true"></Line2>
          <Line3 xsi:nil="true"></Line3>
          <Longitude xsi:nil="true"></Longitude>
          <Name xsi:nil="true"></Name>
          <PostalCode xsi:nil="true"></PostalCode>
          <PostOfficeBox xsi:nil="true"></PostOfficeBox>
          <PrimaryContactName xsi:nil="true"></PrimaryContactName>
          <ShippingMethodCode>1</ShippingMethodCode>
          <StateOrProvince xsi:nil="true"></StateOrProvince>
          <Telephone1 xsi:nil="true"></Telephone1>
          <Telephone2 xsi:nil="true"></Telephone2>
          <Telephone3 xsi:nil="true"></Telephone3>
          <TimeZoneRuleVersionNumber xsi:nil="true"></TimeZoneRuleVersionNumber>
          <UPSZone xsi:nil="true"></UPSZone>
          <UTCOffset xsi:nil="true"></UTCOffset>
          <UTCConversionTimeZoneCode xsi:nil="true"></UTCConversionTimeZoneCode>
        </Address>
      </Addresses>
    </Publisher>
    <RootComponents>
      <RootComponent type="1" schemaName="aaduser" behavior="0" />
      <RootComponent type="1" schemaName="visand_opendata" behavior="0" />
      <RootComponent type="1" schemaName="visand_process" behavior="0" />
      <RootComponent type="1" schemaName="visand_processtemplate" behavior="0" />
      <RootComponent type="9" schemaName="visand_processtriggers" behavior="0" />
      <RootComponent type="20" id="{74a07b54-1468-f011-bec3-6045bd2c6fae}" behavior="0" />
      <RootComponent type="29" id="{1e4d6a3d-1664-f011-bec3-6045bd2c6fae}" behavior="0" />
      <RootComponent type="29" id="{2516cf6f-0266-f011-bec3-6045bd2c6fae}" behavior="0" />
      <RootComponent type="29" id="{344aee5f-2264-f011-bec3-6045bd2c6fae}" behavior="0" />
      <RootComponent type="29" id="{4528eea0-5656-f011-bec2-6045bd2c6fae}" behavior="0" />
      <RootComponent type="29" id="{7ed20a60-2d57-f011-bec2-6045bd2c6fae}" behavior="0" />
      <RootComponent type="29" id="{8ccd36ac-7169-f011-b4cc-6045bd2c6fae}" behavior="0" />
      <RootComponent type="29" id="{8d6b016a-6353-f011-bec2-6045bd2c6fae}" behavior="0" />
      <RootComponent type="29" id="{91b91c72-2d57-f011-bec2-6045bd2c6fae}" behavior="0" />
      <RootComponent type="29" id="{99ce6e37-2d57-f011-bec2-6045bd2c6fae}" behavior="0" />
      <RootComponent type="29" id="{9f123051-ca67-f011-b4cc-6045bd2c6fae}" behavior="0" />
      <RootComponent type="29" id="{ac368eba-bf46-f011-877a-6045bd2c6fae}" behavior="0" />
      <RootComponent type="29" id="{bfb4e7e2-3941-f011-877a-6045bd2c6fae}" behavior="0" />
      <RootComponent type="29" id="{c43f6b77-7835-f011-8c4d-6045bd2c6fae}" behavior="0" />
      <RootComponent type="29" id="{c8be5d88-5656-f011-bec2-6045bd2c6fae}" behavior="0" />
      <RootComponent type="29" id="{da0b4c82-e166-f011-b4cc-6045bd2c6fae}" behavior="0" />
      <RootComponent type="29" id="{fbf44051-b442-f011-877a-6045bd2c6fae}" behavior="0" />
      <RootComponent type="29" id="{ff687061-4c63-f011-bec3-6045bd2c6fae}" behavior="0" />
      <RootComponent type="300" schemaName="crd59_vision_ac220" behavior="0" />
      <RootComponent type="300" schemaName="visand_processapp_3f5dc" behavior="0" />
      <RootComponent type="401" id="{219eecbb-20fb-49f9-afc5-ffcc719b8eb2}" behavior="0" />
    </RootComponents>
    <MissingDependencies>
      <MissingDependency>
        <Required type="1" schemaName="aaduser" displayName="Microsoft Entra ID" solution="MetadataExtension (1.0.2.109)">
          <package appName="Data Modeling Extensions Package" version="1.0.0.34">msft_AsyncAttributeMetadataApp (1.0.0.34)</package>
        </Required>
        <Dependent type="1" schemaName="aaduser" displayName="Microsoft Entra ID" />
      </MissingDependency>
      <MissingDependency>
        <Required type="1" schemaName="aaduser" displayName="Microsoft Entra ID" solution="MetadataExtension (1.0.2.109)">
          <package appName="Data Modeling Extensions Package" version="1.0.0.34">msft_AsyncAttributeMetadataApp (1.0.0.34)</package>
        </Required>
        <Dependent type="300" schemaName="visand_processapp_3f5dc" displayName="Flow 2" />
      </MissingDependency>
      <MissingDependency>
        <Required type="1" schemaName="environmentvariabledefinition" displayName="Environment Variable Definition" solution="EnvironmentVariables (1.0.2406.4)">
          <package appName="EnvironmentVariables" version="1.0.2406.4">EnvironmentVariablesSolutionAnchor (1.0.2406.4)</package>
        </Required>
        <Dependent type="300" schemaName="visand_processapp_3f5dc" displayName="Flow 2" />
      </MissingDependency>
      <MissingDependency>
        <Required type="1" schemaName="environmentvariablevalue" displayName="Environment Variable Value" solution="EnvironmentVariables (1.0.2406.4)">
          <package appName="EnvironmentVariables" version="1.0.2406.4">EnvironmentVariablesSolutionAnchor (1.0.2406.4)</package>
        </Required>
        <Dependent type="300" schemaName="visand_processapp_3f5dc" displayName="Flow 2" />
      </MissingDependency>
      <MissingDependency>
        <Required type="1" schemaName="msdyn_aimodel" displayName="AI Model" solution="msdyn_AISolution (202507.1.4.2)">
          <package appName="PowerAI" version="202507.1.4.2">msdyn_AISolutionAnchor (202507.1.4.2)</package>
        </Required>
        <Dependent type="300" schemaName="visand_processapp_3f5dc" displayName="Flow 2" />
      </MissingDependency>
      <MissingDependency>
        <Required type="66" schemaName="cat_PowerCAT.FluentDetailsList" displayName="cat_PowerCAT.FluentDetailsList" solution="CreatorKitCore (1.0.20250310.1)" />
        <Dependent type="300" schemaName="visand_processapp_3f5dc" displayName="Flow 2" />
      </MissingDependency>
    </MissingDependencies>
  </SolutionManifest>
</ImportExportXml>