<manifest><control namespace="PowerCAT" constructor="StackedBarChart" version="1.1.41" display-name-key="StackedBarChart_Display_Key" description-key="StackedBarChart_desc" control-type="virtual" api-version="1.3.16"><property name="Title" display-name-key="StackedBarChart_Title_Display_Key" of-type="SingleLine.Text" usage="input" required="false" /><property name="HideLegend" display-name-key="StackedBarChart_Hidelegend_Display_Key" of-type="TwoOptions" usage="input" required="false" default-value="false" /><property name="BarHeight" display-name-key="StackedBarChart_BarHeight_Display_Key" of-type="Whole.None" usage="input" required="false" default-value="15" /><property name="BarBackgroundColor" display-name-key="StackedBarChart_BarBackgroundColor_Display_Key" of-type="SingleLine.Text" usage="input" default-value="false" required="false" /><property name="HideTooltip" display-name-key="StackedBarChart_HideTooltip_Display_Key" of-type="TwoOptions" usage="input" default-value="false" required="false" /><property name="CustomColors" display-name-key="StackedBarChart_Customcolors_Display_Key" of-type="TwoOptions" usage="input" default-value="false" required="false" /><property name="Theme" display-name-key="StackedBarChart_Theme_Display_Key" of-type="Multiple" usage="input" required="false" /><property name="AccessibilityLabel" display-name-key="StackedBarChart_AccessibilityLabel_Display_Key" of-type="SingleLine.Text" usage="input" required="false" /><property name="TabIndex" hidden="true" display-name-key="NA" description-key="NA" of-type="Whole.None" usage="input" required="false" /><property name="Tooltip" hidden="true" display-name-key="NA" description-key="NA" of-type="SingleLine.Text" usage="input" required="false" /><data-set name="items" display-name-key="StackedBarChart_ChartData_Display_Key"><property-set name="ItemTitle" display-name-key="Title" of-type="SingleLine.Text" usage="bound" required="true" /><property-set name="ItemKey" display-name-key="Key" of-type="SingleLine.Text" usage="bound" required="true" /><property-set name="ItemValue" display-name-key="Value" of-type="Whole.None" usage="bound" required="true" /><property-set name="ItemColor" display-name-key="Color" of-type="SingleLine.Text" usage="bound" required="false" /><property-set name="ItemCallout" display-name-key="Item Detail" of-type="SingleLine.Text" usage="bound" required="false" /></data-set><common-property name="Height" default-value="180" /><common-property name="Width" default-value="350" /><resources><code path="bundle.js" order="1" /><platform-library name="React" version="16.14.0" /><platform-library name="Fluent" version="8.121.1" /><resx path="strings/StackBarChart.1033.resx" version="1.0.0" /></resources><feature-usage /><built-by name="pac" version="1.39.3" /></control></manifest>