<environmentvariabledefinition schemaname="visand_flowSharedMailbox">
  <description default="The shared mailbox that will be used as a trigger for processes">
    <label description="The shared mailbox that will be used as a trigger for processes" languagecode="1033" />
  </description>
  <displayname default="flowSharedMailbox">
    <label description="flowSharedMailbox" languagecode="1033" />
  </displayname>
  <introducedversion>1.0.0.0</introducedversion>
  <iscustomizable>1</iscustomizable>
  <isrequired>0</isrequired>
  <secretstore>0</secretstore>
  <type>100000000</type>
</environmentvariabledefinition>