<environmentvariabledefinition schemaname="visand_flowSharePointSites">
  <description default="list of SharePoint sites that will appear in the app">
    <label description="list of SharePoint sites that will appear in the app" languagecode="1033" />
  </description>
  <displayname default="flowSharePointSites">
    <label description="flowSharePointSites" languagecode="1033" />
  </displayname>
  <introducedversion>1.0.0.0</introducedversion>
  <iscustomizable>1</iscustomizable>
  <isrequired>0</isrequired>
  <secretstore>0</secretstore>
  <type>100000003</type>
</environmentvariabledefinition>