<environmentvariabledefinition schemaname="visand_flowAppUrl">
  <description default="LEAVE EMPTY ON FIRST IMPORT - The App URL">
    <label description="LEAVE EMPTY ON FIRST IMPORT - The App URL" languagecode="1033" />
  </description>
  <displayname default="flowAppUrl">
    <label description="flowAppUrl" languagecode="1033" />
  </displayname>
  <introducedversion>1.0.0.15</introducedversion>
  <iscustomizable>1</iscustomizable>
  <isrequired>0</isrequired>
  <secretstore>0</secretstore>
  <type>100000000</type>
</environmentvariabledefinition>