{
  "properties": {
    "connectionReferences": {},
    "definition": {
      "$schema": "https://schema.management.azure.com/providers/Microsoft.Logic/schemas/2016-06-01/workflowdefinition.json#",
      "contentVersion": "1.0.0.0",
      "parameters": {
        "$authentication": {
          "defaultValue": {},
          "type": "SecureObject"
        }
      },
      "triggers": {
        "manual": {
          "metadata": {
            "operationMetadataId": "b5f111aa-9dea-432d-abc3-5977f62792c3"
          },
          "type": "Request",
          "kind": "PowerAppV2",
          "inputs": {
            "schema": {
              "type": "object",
              "properties": {
                "text": {
                  "title": "processConfig",
                  "type": "string",
                  "x-ms-dynamically-added": true,
                  "description": "Please enter your input",
                  "x-ms-content-hint": "TEXT"
                },
                "text_1": {
                  "title": "aorder",
                  "type": "string",
                  "x-ms-dynamically-added": true,
                  "description": "Please enter your input",
                  "x-ms-content-hint": "TEXT"
                }
              },
              "required": [
                "text",
                "text_1"
              ]
            }
          }
        }
      },
      "actions": {
        "Respond_to_a_Power_App_or_flow": {
          "runAfter": {
            "log_overallResult": [
              "Succeeded"
            ]
          },
          "metadata": {
            "operationMetadataId": "ca07fc8d-3aab-4c5a-8ada-57c87b0baf51"
          },
          "type": "Response",
          "kind": "PowerApp",
          "inputs": {
            "statusCode": 200,
            "body": {
              "nextstep": "@if(\r\n    variables('varOverallResult'),\r\n    first(body('Filter_by_current_step'))?['params']?['conditionThenStep'],\r\n    first(body('Filter_by_current_step'))?['params']?['conditionElseStep']\r\n)"
            },
            "schema": {
              "type": "object",
              "properties": {
                "nextstep": {
                  "title": "nextStep",
                  "x-ms-dynamically-added": true,
                  "type": "number"
                }
              }
            }
          }
        },
        "json_processConfig": {
          "runAfter": {
            "Initialize_varOverallResult": [
              "Succeeded"
            ]
          },
          "metadata": {
            "operationMetadataId": "411b2569-edad-4679-96c5-64cccfebd828"
          },
          "type": "Compose",
          "inputs": "@json(triggerBody()['text'])"
        },
        "Filter_by_current_step": {
          "runAfter": {
            "json_processConfig": [
              "Succeeded"
            ]
          },
          "metadata": {
            "operationMetadataId": "abb98bf3-e85f-42ad-bc41-48373f4adb9b"
          },
          "type": "Query",
          "inputs": {
            "from": "@outputs('json_processConfig')",
            "where": "@equals(item()?['aorder'], triggerBody()['text_1'])"
          }
        },
        "parse_conditionRules": {
          "runAfter": {
            "Filter_by_current_step": [
              "Succeeded"
            ]
          },
          "metadata": {
            "operationMetadataId": "f760c9a2-58be-4afc-86ba-75aef055969c"
          },
          "type": "ParseJson",
          "inputs": {
            "content": "@first(body('Filter_by_current_step'))?['params']?['conditionRules']",
            "schema": {
              "type": "array",
              "items": {
                "type": "object",
                "properties": {
                  "condId": {
                    "type": "integer"
                  },
                  "field": {
                    "type": "string"
                  },
                  "logicalOperator": {
                    "anyOf": [
                      {
                        "type": "string"
                      },
                      {
                        "type": "null"
                      }
                    ]
                  },
                  "operator": {
                    "type": "string"
                  },
                  "value": {
                    "type": "string"
                  }
                },
                "required": [
                  "condId",
                  "field",
                  "logicalOperator",
                  "operator",
                  "value"
                ]
              }
            }
          }
        },
        "For_each_rule": {
          "foreach": "@body('parse_conditionRules')",
          "actions": {
            "parse_question_and_answer": {
              "runAfter": {
                "Filter_by_answer": [
                  "Succeeded"
                ]
              },
              "metadata": {
                "operationMetadataId": "ef567d17-cc52-4df5-81a2-06ee51aab878"
              },
              "type": "ParseJson",
              "inputs": {
                "content": "@first(body('Filter_by_answer'))",
                "schema": {
                  "type": "object",
                  "properties": {
                    "description": {},
                    "fieldText": {},
                    "fieldType": {},
                    "items": {},
                    "mandatory": {
                      "type": "boolean"
                    },
                    "output": {},
                    "qid": {
                      "type": "string"
                    },
                    "qorder": {
                      "type": "integer"
                    },
                    "title": {
                      "type": "string"
                    }
                  }
                }
              }
            },
            "Switch_operator": {
              "runAfter": {
                "parse_question_and_answer": [
                  "Succeeded"
                ]
              },
              "cases": {
                "equal": {
                  "case": "equal",
                  "actions": {
                    "log_equals": {
                      "runAfter": {},
                      "metadata": {
                        "operationMetadataId": "74f49266-46cb-4e61-bd17-786b7d77b144"
                      },
                      "type": "Compose",
                      "inputs": "@{body('parse_question_and_answer')?['output']} = @{items('For_each_rule')['value']}"
                    },
                    "result_equals": {
                      "runAfter": {
                        "log_equals": [
                          "Succeeded"
                        ]
                      },
                      "metadata": {
                        "operationMetadataId": "b6c377a5-fabc-45ba-97c0-e74508d74282"
                      },
                      "type": "Compose",
                      "inputs": "@equals(\r\n        body('parse_question_and_answer')?['output'],\r\n        items('For_each_rule')['value']\r\n    )"
                    },
                    "Append_to_array_variable": {
                      "runAfter": {
                        "result_equals": [
                          "Succeeded"
                        ]
                      },
                      "metadata": {
                        "operationMetadataId": "3de43a11-17c0-475d-b911-861a06dcf244"
                      },
                      "type": "AppendToArrayVariable",
                      "inputs": {
                        "name": "varResults",
                        "value": {
                          "logicalOperator": "@{items('For_each_rule')['logicalOperator']}",
                          "result": "@outputs('result_equals')"
                        }
                      }
                    }
                  }
                },
                "notEqual": {
                  "case": "notEqual",
                  "actions": {
                    "log_notEquals": {
                      "runAfter": {},
                      "metadata": {
                        "operationMetadataId": "522b8790-348a-47c3-b0b3-f08f68ff51e8"
                      },
                      "type": "Compose",
                      "inputs": "@{body('parse_question_and_answer')?['output']} <> @{items('For_each_rule')['value']}"
                    },
                    "result_notEquals": {
                      "runAfter": {
                        "log_notEquals": [
                          "Succeeded"
                        ]
                      },
                      "metadata": {
                        "operationMetadataId": "6d74141a-0e04-4135-8ec7-91ba12b3ff4e"
                      },
                      "type": "Compose",
                      "inputs": "@not(\r\n            equals(\r\n                body('parse_question_and_answer')?['output'],\r\n                items('For_each_rule')['value']\r\n            )\r\n        )"
                    },
                    "Append_to_array_variable_2": {
                      "runAfter": {
                        "result_notEquals": [
                          "Succeeded"
                        ]
                      },
                      "metadata": {
                        "operationMetadataId": "484dfa9c-2777-4867-8baf-bb54c3872264"
                      },
                      "type": "AppendToArrayVariable",
                      "inputs": {
                        "name": "varResults",
                        "value": {
                          "logicalOperator": "@{items('For_each_rule')['logicalOperator']}",
                          "result": "@outputs('result_notEquals')"
                        }
                      }
                    }
                  }
                },
                "greaterThan": {
                  "case": "greaterThan",
                  "actions": {
                    "log_greaterThan": {
                      "runAfter": {},
                      "metadata": {
                        "operationMetadataId": "556710c2-426e-4a46-bdcd-f608d71d20e4"
                      },
                      "type": "Compose",
                      "inputs": "@{float(body('parse_question_and_answer')?['output'])} > @{float(items('For_each_rule')['value'])}"
                    },
                    "result_greaterThan": {
                      "runAfter": {
                        "log_greaterThan": [
                          "Succeeded"
                        ]
                      },
                      "metadata": {
                        "operationMetadataId": "6df249f5-707e-4240-8307-a44991fe9588"
                      },
                      "type": "Compose",
                      "inputs": "@greater(\r\n                float(body('parse_question_and_answer')?['output']),\r\n                float(items('For_each_rule')['value'])\r\n            )"
                    },
                    "Append_to_array_variable_3": {
                      "runAfter": {
                        "result_greaterThan": [
                          "Succeeded"
                        ]
                      },
                      "metadata": {
                        "operationMetadataId": "ee243071-f649-4043-9160-4d4a9be5a42f"
                      },
                      "type": "AppendToArrayVariable",
                      "inputs": {
                        "name": "varResults",
                        "value": {
                          "logicalOperator": "@{items('For_each_rule')['logicalOperator']}",
                          "result": "@outputs('result_greaterThan')"
                        }
                      }
                    }
                  }
                },
                "lessThan": {
                  "case": "lessThan",
                  "actions": {
                    "log_lessThan": {
                      "runAfter": {},
                      "metadata": {
                        "operationMetadataId": "a564569b-3e47-4134-823a-861f0ca035ab"
                      },
                      "type": "Compose",
                      "inputs": "@{float(body('parse_question_and_answer')?['output'])} < @{float(items('For_each_rule')['value'])}"
                    },
                    "result_lessThan": {
                      "runAfter": {
                        "log_lessThan": [
                          "Succeeded"
                        ]
                      },
                      "metadata": {
                        "operationMetadataId": "77dd27a4-81c6-4fa6-b472-2a2f32f8a9a4"
                      },
                      "type": "Compose",
                      "inputs": "@less(\r\n                    float(body('parse_question_and_answer')?['output']),\r\n                    float(items('For_each_rule')['value'])\r\n                )"
                    },
                    "Append_to_array_variable_4": {
                      "runAfter": {
                        "result_lessThan": [
                          "Succeeded"
                        ]
                      },
                      "metadata": {
                        "operationMetadataId": "d525efe8-6f74-47a9-898d-3679947fff96"
                      },
                      "type": "AppendToArrayVariable",
                      "inputs": {
                        "name": "varResults",
                        "value": {
                          "logicalOperator": "@{items('For_each_rule')['logicalOperator']}",
                          "result": "@outputs('result_lessThan')"
                        }
                      }
                    }
                  }
                },
                "contains": {
                  "case": "contains",
                  "actions": {
                    "log_contains": {
                      "runAfter": {},
                      "metadata": {
                        "operationMetadataId": "979e9765-8dcf-4e29-b47e-1632eb67ccea"
                      },
                      "type": "Compose",
                      "inputs": "@{body('parse_question_and_answer')?['output']} in @{items('For_each_rule')['value']}"
                    },
                    "result_contains": {
                      "runAfter": {
                        "log_contains": [
                          "Succeeded"
                        ]
                      },
                      "metadata": {
                        "operationMetadataId": "b66585c5-1be0-4ebb-ba65-1085ade7a0be"
                      },
                      "type": "Compose",
                      "inputs": "@if(\r\n                        equals(\r\n                            indexOf(\r\n                                body('parse_question_and_answer')?['output'],\r\n                                items('For_each_rule')['value']\r\n                            ),\r\n                            -1\r\n                        ),\r\n                        false,\r\n                        true\r\n                    )"
                    },
                    "Append_to_array_variable_5": {
                      "runAfter": {
                        "result_contains": [
                          "Succeeded"
                        ]
                      },
                      "metadata": {
                        "operationMetadataId": "42de8de4-2095-49f3-b7f3-830ea269d782"
                      },
                      "type": "AppendToArrayVariable",
                      "inputs": {
                        "name": "varResults",
                        "value": {
                          "logicalOperator": "@{items('For_each_rule')['logicalOperator']}",
                          "result": "@outputs('result_contains')"
                        }
                      }
                    }
                  }
                }
              },
              "default": {
                "actions": {}
              },
              "expression": "@items('For_each_rule')['operator']",
              "metadata": {
                "operationMetadataId": "02876913-1722-4240-84f6-04cb995b4d2d"
              },
              "type": "Switch"
            },
            "log_rule": {
              "runAfter": {},
              "metadata": {
                "operationMetadataId": "73028b54-9b96-405b-a5ff-305512c1c12f"
              },
              "type": "Compose",
              "inputs": "@items('For_each_rule')"
            },
            "Filter_by_answer": {
              "runAfter": {
                "log_rule": [
                  "Succeeded"
                ]
              },
              "metadata": {
                "operationMetadataId": "006d2aef-7c16-4234-bc1d-c74e0d88e19e"
              },
              "type": "Query",
              "inputs": {
                "from": "@body('parse_formQuestions')",
                "where": "@equals(item()?['qid'], items('For_each_rule')['field'])"
              }
            }
          },
          "runAfter": {
            "add_all_questions_and_answers_to_unified_array": [
              "Succeeded"
            ]
          },
          "metadata": {
            "operationMetadataId": "a1d6a81d-c720-4348-841a-ab111a7d32aa"
          },
          "type": "Foreach"
        },
        "Initialize_varQuestions": {
          "runAfter": {},
          "metadata": {
            "operationMetadataId": "d82de354-2253-4a1c-9bbe-cdda4617eec4"
          },
          "type": "InitializeVariable",
          "inputs": {
            "variables": [
              {
                "name": "varQuestions",
                "type": "array"
              }
            ]
          }
        },
        "add_all_questions_and_answers_to_unified_array": {
          "actions": {
            "Filter_by_action-form": {
              "runAfter": {},
              "metadata": {
                "operationMetadataId": "8479a9a9-5252-416b-aa51-07206c9d1d28"
              },
              "type": "Query",
              "inputs": {
                "from": "@outputs('json_processConfig')",
                "where": "@and(\n    less(item()?['aorder'], triggerBody()['text_1']),\n    equals(item()?['action'], 'action-form')\n)"
              }
            },
            "For_each_form": {
              "foreach": "@body('Filter_by_action-form')",
              "actions": {
                "For_each_question_in_form": {
                  "foreach": "@items('For_each_form')?['params']?['formQuestions']",
                  "actions": {
                    "Append_to_varQuestions": {
                      "runAfter": {},
                      "metadata": {
                        "operationMetadataId": "fc38adfc-0f33-48f9-b3a7-d78d96620a08"
                      },
                      "type": "AppendToArrayVariable",
                      "inputs": {
                        "name": "varQuestions",
                        "value": "@items('For_each_question_in_form')"
                      }
                    }
                  },
                  "runAfter": {},
                  "metadata": {
                    "operationMetadataId": "fe17eaf6-70b9-47a9-8584-e4499faaa869"
                  },
                  "type": "Foreach",
                  "runtimeConfiguration": {
                    "concurrency": {
                      "repetitions": 50
                    }
                  }
                }
              },
              "runAfter": {
                "Filter_by_action-form": [
                  "Succeeded"
                ]
              },
              "metadata": {
                "operationMetadataId": "0326f210-b8ea-4d72-bc74-35202f0ebf73"
              },
              "type": "Foreach",
              "runtimeConfiguration": {
                "concurrency": {
                  "repetitions": 50
                }
              }
            },
            "parse_formQuestions": {
              "runAfter": {
                "For_each_form": [
                  "Succeeded"
                ]
              },
              "metadata": {
                "operationMetadataId": "6a4999fd-0c37-4457-b111-b27701c1f853"
              },
              "type": "ParseJson",
              "inputs": {
                "content": "@variables('varQuestions')",
                "schema": {
                  "type": "array",
                  "items": {
                    "type": "object",
                    "properties": {
                      "description": {
                        "anyOf": [
                          {
                            "type": "string"
                          },
                          {
                            "type": "null"
                          }
                        ]
                      },
                      "fieldText": {},
                      "fieldType": {},
                      "items": {},
                      "mandatory": {
                        "type": "boolean"
                      },
                      "output": {},
                      "qid": {
                        "type": "string"
                      },
                      "qorder": {
                        "type": "integer"
                      },
                      "title": {
                        "type": "string"
                      }
                    }
                  }
                }
              }
            }
          },
          "runAfter": {
            "parse_conditionRules": [
              "Succeeded"
            ]
          },
          "metadata": {
            "operationMetadataId": "9e3ebd5a-d112-4bbe-b46d-d5316649d066"
          },
          "type": "Scope"
        },
        "Initialize_varResults": {
          "runAfter": {
            "Initialize_varQuestions": [
              "Succeeded"
            ]
          },
          "metadata": {
            "operationMetadataId": "1444f00e-618c-41ea-aacf-c330047d4de8"
          },
          "type": "InitializeVariable",
          "inputs": {
            "variables": [
              {
                "name": "varResults",
                "type": "array"
              }
            ]
          }
        },
        "Initialize_varResultsCounter": {
          "runAfter": {
            "Initialize_varResults": [
              "Succeeded"
            ]
          },
          "metadata": {
            "operationMetadataId": "5664c729-aae4-4619-bb06-4f04c1761556"
          },
          "type": "InitializeVariable",
          "inputs": {
            "variables": [
              {
                "name": "varResultsCounter",
                "type": "integer",
                "value": 0
              }
            ]
          }
        },
        "Initialize_varOverallResult": {
          "runAfter": {
            "Initialize_varResultsCounter": [
              "Succeeded"
            ]
          },
          "metadata": {
            "operationMetadataId": "8c4f22c7-16b3-4233-bfab-55c19ca714ba"
          },
          "type": "InitializeVariable",
          "inputs": {
            "variables": [
              {
                "name": "varOverallResult",
                "type": "boolean",
                "value": "@true"
              }
            ]
          }
        },
        "log_overallResult": {
          "runAfter": {
            "check_if_more_than_1_rule_exists": [
              "Succeeded"
            ]
          },
          "metadata": {
            "operationMetadataId": "651d3fad-abe6-4b13-a08f-cd6624c9d85b"
          },
          "type": "Compose",
          "inputs": "Overall Result: @{variables('varOverallResult')}\n\nConditionThenStep: @{first(body('Filter_by_current_step'))?['params']?['conditionThenStep']}\nConbditionElseStep: @{first(body('Filter_by_current_step'))?['params']?['conditionElseStep']}"
        },
        "Respond_to_a_Power_App_or_flow_2": {
          "runAfter": {
            "log_overallResult": [
              "Failed",
              "Skipped",
              "TimedOut"
            ]
          },
          "metadata": {
            "operationMetadataId": "3cd5d7bf-9cee-47ed-9fe1-5c1c8f9c9f45"
          },
          "type": "Response",
          "kind": "PowerApp",
          "inputs": {
            "statusCode": 200,
            "body": {
              "nextstep": "@{null}"
            },
            "schema": {
              "type": "object",
              "properties": {
                "nextstep": {
                  "title": "nextStep",
                  "x-ms-dynamically-added": true,
                  "type": "number"
                }
              }
            }
          }
        },
        "check_if_more_than_1_rule_exists": {
          "actions": {
            "Compare_each_result": {
              "foreach": "@variables('varResults')",
              "actions": {
                "first_condition": {
                  "runAfter": {},
                  "metadata": {
                    "operationMetadataId": "827633d6-40b9-4ebe-aa15-58f9f6d81b8f"
                  },
                  "type": "Compose",
                  "inputs": "@variables('varResults')[variables('varResultsCounter')]?['result']"
                },
                "second_result_to_compare_exists": {
                  "actions": {
                    "second_condition": {
                      "runAfter": {},
                      "metadata": {
                        "operationMetadataId": "b7bcefb5-c5cd-417f-ae3d-e8d0955cf3f7"
                      },
                      "type": "Compose",
                      "inputs": "@variables('varResults')[variables('varResultsCounter')]?['result']"
                    },
                    "Switch": {
                      "runAfter": {
                        "second_condition": [
                          "Succeeded"
                        ]
                      },
                      "cases": {
                        "or": {
                          "case": "or",
                          "actions": {
                            "check_or": {
                              "actions": {},
                              "runAfter": {},
                              "else": {
                                "actions": {
                                  "Set_varOverallResult": {
                                    "runAfter": {},
                                    "metadata": {
                                      "operationMetadataId": "c7cf14a0-5d43-4a31-ac89-89d97d8082bb"
                                    },
                                    "type": "SetVariable",
                                    "inputs": {
                                      "name": "varOverallResult",
                                      "value": "@false"
                                    }
                                  }
                                }
                              },
                              "expression": {
                                "or": [
                                  {
                                    "equals": [
                                      "@outputs('first_condition')",
                                      "@true"
                                    ]
                                  },
                                  {
                                    "equals": [
                                      "@outputs('second_condition')",
                                      "@true"
                                    ]
                                  }
                                ]
                              },
                              "metadata": {
                                "operationMetadataId": "716f140c-b87b-4abb-ba4e-977dcf841a35"
                              },
                              "type": "If"
                            }
                          }
                        },
                        "and": {
                          "case": "and",
                          "actions": {
                            "check_and": {
                              "actions": {},
                              "runAfter": {},
                              "else": {
                                "actions": {
                                  "Set_varOverallResult_2": {
                                    "runAfter": {},
                                    "metadata": {
                                      "operationMetadataId": "57879da6-7a8e-42ae-9c79-a2c2a9fbdad1"
                                    },
                                    "type": "SetVariable",
                                    "inputs": {
                                      "name": "varOverallResult",
                                      "value": "@false"
                                    }
                                  }
                                }
                              },
                              "expression": {
                                "and": [
                                  {
                                    "equals": [
                                      "@outputs('first_condition')",
                                      "@true"
                                    ]
                                  },
                                  {
                                    "equals": [
                                      "@outputs('second_condition')",
                                      "@true"
                                    ]
                                  }
                                ]
                              },
                              "metadata": {
                                "operationMetadataId": "8601b8c0-7028-496d-a3c3-e80688e22814"
                              },
                              "type": "If"
                            }
                          }
                        }
                      },
                      "default": {
                        "actions": {}
                      },
                      "expression": "@variables('varResults')[sub(variables('varResultsCounter'),1)]?['logicalOperator']",
                      "metadata": {
                        "operationMetadataId": "7c708949-ad00-45ea-bb58-c163ca300246"
                      },
                      "type": "Switch"
                    }
                  },
                  "runAfter": {
                    "Increment_varResultCounter": [
                      "Succeeded"
                    ]
                  },
                  "expression": {
                    "less": [
                      "@variables('varResultsCounter')",
                      "@length(variables('varResults'))"
                    ]
                  },
                  "metadata": {
                    "operationMetadataId": "27e1a479-6a8b-4b11-88bc-34c9d58fb2e3"
                  },
                  "type": "If"
                },
                "Increment_varResultCounter": {
                  "runAfter": {
                    "first_condition": [
                      "Succeeded"
                    ]
                  },
                  "metadata": {
                    "operationMetadataId": "1143664f-566e-4684-b3f9-c615dd420f63"
                  },
                  "type": "IncrementVariable",
                  "inputs": {
                    "name": "varResultsCounter",
                    "value": 1
                  }
                }
              },
              "runAfter": {},
              "metadata": {
                "operationMetadataId": "c000f8b6-6534-4269-b41c-737e6bb4e5fe"
              },
              "type": "Foreach"
            }
          },
          "runAfter": {
            "For_each_rule": [
              "Succeeded"
            ]
          },
          "else": {
            "actions": {
              "Set_varOverallResult_to_first_condition": {
                "runAfter": {},
                "metadata": {
                  "operationMetadataId": "697fd7fa-fe16-416d-9d93-6d809263ad18"
                },
                "type": "SetVariable",
                "inputs": {
                  "name": "varOverallResult",
                  "value": "@variables('varResults')[variables('varResultsCounter')]?['result']"
                }
              }
            }
          },
          "expression": {
            "greater": [
              "@length(variables('varResults'))",
              1
            ]
          },
          "metadata": {
            "operationMetadataId": "19561a6e-8320-4290-bbb1-1b146cd67f97"
          },
          "type": "If"
        }
      }
    },
    "templateName": ""
  },
  "schemaVersion": "1.0.0.0"
}