{
  "properties": {
    "connectionReferences": {
      "shared_office365users_1": {
        "runtimeSource": "embedded",
        "connection": {
          "connectionReferenceLogicalName": "visand_Office365UsersServiceUser"
        },
        "api": {
          "name": "shared_office365users"
        }
      },
      "shared_office365groups_1": {
        "runtimeSource": "embedded",
        "connection": {
          "connectionReferenceLogicalName": "visand_Office365GroupsServiceUser"
        },
        "api": {
          "name": "shared_office365groups"
        }
      },
      "shared_office365_1": {
        "runtimeSource": "embedded",
        "connection": {
          "connectionReferenceLogicalName": "visand_Office365OutlookServiceUser"
        },
        "api": {
          "name": "shared_office365"
        }
      }
    },
    "definition": {
      "$schema": "https://schema.management.azure.com/providers/Microsoft.Logic/schemas/2016-06-01/workflowdefinition.json#",
      "contentVersion": "1.0.0.0",
      "parameters": {
        "$connections": {
          "defaultValue": {},
          "type": "Object"
        },
        "$authentication": {
          "defaultValue": {},
          "type": "SecureObject"
        },
        "flowAppUrl (visand_flowAppUrl)": {
          "defaultValue": "https://apps.powerapps.com/play/e/0c28dfa1-facd-e385-80ec-06301ab68f4a/a/ed1b205c-13f3-4d1b-8faa-e866c5b29404?tenantId=82537e2b-dbd6-4d69-a801-dac6b976e278&hint=9466041f-276d-4ece-acd8-4900c9c24d79&sourcetime=1754300614812",
          "type": "String",
          "metadata": {
            "schemaName": "visand_flowAppUrl",
            "description": "LEAVE EMPTY ON FIRST IMPORT - The App URL"
          }
        },
        "flowSharedMailbox (visand_flowSharedMailbox)": {
          "defaultValue": "flow@visionand.ch",
          "type": "String",
          "metadata": {
            "schemaName": "visand_flowSharedMailbox",
            "description": "The shared mailbox that will be used as a trigger for processes"
          }
        }
      },
      "triggers": {
        "manual": {
          "metadata": {
            "operationMetadataId": "73bc3903-22c5-4baa-bb80-21531a648bc2"
          },
          "type": "Request",
          "kind": "PowerAppV2",
          "inputs": {
            "schema": {
              "type": "object",
              "properties": {
                "text": {
                  "title": "To",
                  "type": "string",
                  "x-ms-dynamically-added": true,
                  "description": "Please enter your input",
                  "x-ms-content-hint": "TEXT"
                },
                "text_1": {
                  "title": "CC",
                  "type": "string",
                  "x-ms-dynamically-added": true,
                  "description": "Please enter your input",
                  "x-ms-content-hint": "TEXT"
                },
                "text_2": {
                  "title": "BCC",
                  "type": "string",
                  "x-ms-dynamically-added": true,
                  "description": "Please enter your input",
                  "x-ms-content-hint": "TEXT"
                },
                "text_3": {
                  "title": "Subject",
                  "type": "string",
                  "x-ms-dynamically-added": true,
                  "description": "Please enter your input",
                  "x-ms-content-hint": "TEXT"
                },
                "text_4": {
                  "title": "Body",
                  "type": "string",
                  "x-ms-dynamically-added": true,
                  "description": "Please enter your input",
                  "x-ms-content-hint": "TEXT"
                },
                "text_5": {
                  "title": "processConfig",
                  "type": "string",
                  "x-ms-dynamically-added": true,
                  "description": "Please enter your input",
                  "x-ms-content-hint": "TEXT"
                },
                "text_6": {
                  "title": "aid",
                  "type": "string",
                  "x-ms-dynamically-added": true,
                  "description": "Please enter your input",
                  "x-ms-content-hint": "TEXT"
                },
                "text_7": {
                  "title": "processId",
                  "type": "string",
                  "x-ms-dynamically-added": true,
                  "description": "Please enter your input",
                  "x-ms-content-hint": "TEXT"
                }
              },
              "required": [
                "text",
                "text_3",
                "text_4",
                "text_5",
                "text_6",
                "text_7"
              ]
            }
          }
        }
      },
      "actions": {
        "Respond_to_a_Power_App_or_flow": {
          "runAfter": {
            "Send_an_email_from_a_shared_mailbox_(V2)": [
              "Succeeded"
            ]
          },
          "metadata": {
            "operationMetadataId": "819e3a0d-b7bc-4909-83e5-4e80e9625f4d"
          },
          "type": "Response",
          "kind": "PowerApp",
          "inputs": {
            "statusCode": 200,
            "body": {},
            "schema": {
              "type": "object",
              "properties": {}
            }
          }
        },
        "json_processConfig": {
          "runAfter": {
            "Initialize_varForms": [
              "Succeeded"
            ]
          },
          "metadata": {
            "operationMetadataId": "411b2569-edad-4679-96c5-64cccfebd828"
          },
          "type": "Compose",
          "inputs": "@json(triggerBody()['text_5'])"
        },
        "form_variables_found": {
          "actions": {
            "Extract_variables_from_string": {
              "actions": {
                "extract_variables": {
                  "runAfter": {},
                  "metadata": {
                    "operationMetadataId": "3b66b128-4101-40a6-8d74-ef07fcc2353c"
                  },
                  "type": "Compose",
                  "inputs": "@substring(variables('varInput'), indexOf(variables('varInput'), '[['), sub(add(indexOf(variables('varInput'), ']]'), 2), indexOf(variables('varInput'), '[[')))"
                },
                "extract_variableName": {
                  "runAfter": {
                    "extract_variables": [
                      "Succeeded"
                    ]
                  },
                  "metadata": {
                    "operationMetadataId": "189640a5-bcc9-4110-bb21-d6f2f24f753e"
                  },
                  "type": "Compose",
                  "inputs": "@trim(split(split(outputs('extract_variables'), '(')[0], '[[')[1])"
                },
                "extract_formName": {
                  "runAfter": {
                    "extract_variableName": [
                      "Succeeded"
                    ]
                  },
                  "metadata": {
                    "operationMetadataId": "01c4cbfb-9798-4f91-bde2-93462a98d671"
                  },
                  "type": "Compose",
                  "inputs": "@trim(replace(split(split(outputs('extract_variables'), '(')[1], ')]')[0], ')', ''))"
                },
                "Set_varInput": {
                  "runAfter": {
                    "inputTemp": [
                      "Succeeded"
                    ]
                  },
                  "metadata": {
                    "operationMetadataId": "ad0a415d-18ff-453c-8b38-f820895ce9df"
                  },
                  "type": "SetVariable",
                  "inputs": {
                    "name": "varInput",
                    "value": "@{substring(\r\n    outputs('inputTemp'), \r\n    add(\r\n        indexOf(\r\n            outputs('inputTemp'),\r\n            ']]'\r\n        ),\r\n        1\r\n    )\r\n)}"
                  }
                },
                "Append_to_varResults": {
                  "runAfter": {
                    "indexFound": [
                      "Succeeded"
                    ]
                  },
                  "metadata": {
                    "operationMetadataId": "c9a4520c-862b-4139-9f04-b189aabdd034"
                  },
                  "type": "AppendToArrayVariable",
                  "inputs": {
                    "name": "varResults",
                    "value": {
                      "variableName": "@{outputs('extract_variables')}",
                      "variableValue": "@{outputs('extract_variableName')}",
                      "formName": "@{outputs('extract_formName')}"
                    }
                  }
                },
                "indexFound": {
                  "runAfter": {
                    "Set_varInput": [
                      "Succeeded"
                    ]
                  },
                  "metadata": {
                    "operationMetadataId": "7e325f42-c118-4613-af2d-6a0c12d986d9"
                  },
                  "type": "Compose",
                  "inputs": "@equals(indexOf(variables('varInput'), '[['), -1)"
                },
                "inputTemp": {
                  "runAfter": {
                    "extract_formName": [
                      "Succeeded"
                    ]
                  },
                  "metadata": {
                    "operationMetadataId": "0dbdd03b-460b-459a-b031-a22ed61fe039"
                  },
                  "type": "Compose",
                  "inputs": "@variables('varInput')"
                }
              },
              "runAfter": {},
              "expression": "@equals(outputs('indexFound'), true)",
              "limit": {
                "count": 20,
                "timeout": "PT1H"
              },
              "metadata": {
                "operationMetadataId": "74c62443-48cb-4db3-b516-d71f9050aa12"
              },
              "type": "Until"
            },
            "For_each_variable": {
              "foreach": "@variables('varResults')",
              "actions": {
                "Filter_current_variable": {
                  "runAfter": {
                    "Filter_current_form": [
                      "Succeeded"
                    ]
                  },
                  "metadata": {
                    "operationMetadataId": "ad4f20ae-cd6f-45d2-85bf-4dd1da55a3fe"
                  },
                  "type": "Query",
                  "inputs": {
                    "from": "@first(body('Filter_current_form'))?['formContent']",
                    "where": "@equals(item()?['title'], items('For_each_variable')?['variableValue'])"
                  }
                },
                "log_current_variable": {
                  "runAfter": {},
                  "metadata": {
                    "operationMetadataId": "c9edb9fd-6471-409b-9fb3-96ae692aeb9e"
                  },
                  "type": "Compose",
                  "inputs": "@items('For_each_variable')"
                },
                "Filter_current_form": {
                  "runAfter": {
                    "log_current_variable": [
                      "Succeeded"
                    ]
                  },
                  "metadata": {
                    "operationMetadataId": "87a472d7-6176-4720-8c07-5e062d995533"
                  },
                  "type": "Query",
                  "inputs": {
                    "from": "@variables('varForms')",
                    "where": "@equals(item()?['formTitle'], items('For_each_variable')?['formName'])"
                  }
                },
                "check_if_user_or_team": {
                  "actions": {
                    "is_user": {
                      "actions": {
                        "Get_user_profile_(V2)": {
                          "runAfter": {},
                          "metadata": {
                            "operationMetadataId": "d2c810e0-2de8-4a12-9807-17ff54615c82"
                          },
                          "type": "OpenApiConnection",
                          "inputs": {
                            "host": {
                              "connectionName": "shared_office365users_1",
                              "operationId": "UserProfile_V2",
                              "apiId": "/providers/Microsoft.PowerApps/apis/shared_office365users"
                            },
                            "parameters": {
                              "id": "@first(body('Filter_current_variable'))?['output']"
                            },
                            "authentication": "@parameters('$authentication')"
                          }
                        },
                        "Append_to_varReplacedVariables_2": {
                          "runAfter": {
                            "Get_user_profile_(V2)": [
                              "Succeeded"
                            ]
                          },
                          "metadata": {
                            "operationMetadataId": "de15cc80-a58c-401b-b464-25c19290f246"
                          },
                          "type": "AppendToArrayVariable",
                          "inputs": {
                            "name": "varReplacedVariables",
                            "value": {
                              "variableName": "@{items('For_each_variable')?['variableName']}",
                              "formName": "@{items('For_each_variable')?['formName']}",
                              "value": "@{outputs('Get_user_profile_(V2)')?['body/displayName']}"
                            }
                          }
                        }
                      },
                      "runAfter": {},
                      "else": {
                        "actions": {
                          "List_groups": {
                            "runAfter": {},
                            "metadata": {
                              "operationMetadataId": "7989c38f-1133-4278-8b68-4f8d8464d213"
                            },
                            "type": "OpenApiConnection",
                            "inputs": {
                              "host": {
                                "connectionName": "shared_office365groups_1",
                                "operationId": "ListGroups",
                                "apiId": "/providers/Microsoft.PowerApps/apis/shared_office365groups"
                              },
                              "parameters": {
                                "$filter": "id eq '@{first(body('Filter_current_variable'))?['output']}'"
                              },
                              "authentication": "@parameters('$authentication')"
                            }
                          },
                          "Append_to_array_variable": {
                            "runAfter": {
                              "List_groups": [
                                "Succeeded"
                              ]
                            },
                            "metadata": {
                              "operationMetadataId": "fb815eaf-93d6-4ffe-bfc0-ecc6c7d49988"
                            },
                            "type": "AppendToArrayVariable",
                            "inputs": {
                              "name": "varReplacedVariables",
                              "value": {
                                "variableName": "@{items('For_each_variable')?['variableName']}",
                                "formName": "@{items('For_each_variable')?['formName']}",
                                "value": "@{first(outputs('List_groups')?['body/value'])?['displayName']}"
                              }
                            }
                          }
                        }
                      },
                      "expression": {
                        "equals": [
                          "@first(body('Filter_current_variable'))?['fieldType']",
                          "person"
                        ]
                      },
                      "metadata": {
                        "operationMetadataId": "288caeb6-5f6d-4279-afba-b3b80cc4ee52"
                      },
                      "type": "If"
                    }
                  },
                  "runAfter": {
                    "Filter_current_variable": [
                      "Succeeded"
                    ]
                  },
                  "else": {
                    "actions": {
                      "Append_to_varReplacedVariables": {
                        "runAfter": {},
                        "metadata": {
                          "operationMetadataId": "de15cc80-a58c-401b-b464-25c19290f246"
                        },
                        "type": "AppendToArrayVariable",
                        "inputs": {
                          "name": "varReplacedVariables",
                          "value": {
                            "variableName": "@{items('For_each_variable')?['variableName']}",
                            "formName": "@{items('For_each_variable')?['formName']}",
                            "value": "@{first(body('Filter_current_variable'))?['output']}"
                          }
                        }
                      }
                    }
                  },
                  "expression": {
                    "or": [
                      {
                        "equals": [
                          "@first(body('Filter_current_variable'))?['fieldType']",
                          "person"
                        ]
                      },
                      {
                        "equals": [
                          "@first(body('Filter_current_variable'))?['fieldType']",
                          "team"
                        ]
                      }
                    ]
                  },
                  "metadata": {
                    "operationMetadataId": "e950d385-9c78-4597-aa8c-807fea6fc390"
                  },
                  "type": "If"
                }
              },
              "runAfter": {
                "For_each_form": [
                  "Succeeded"
                ]
              },
              "metadata": {
                "operationMetadataId": "909387e4-08d2-44b2-8163-7be28ca68654"
              },
              "type": "Foreach"
            },
            "Filter_form_actions": {
              "runAfter": {
                "Extract_variables_from_string": [
                  "Succeeded"
                ]
              },
              "metadata": {
                "operationMetadataId": "afbf1c3c-ccec-4b05-9d56-b2c311d3f028"
              },
              "type": "Query",
              "inputs": {
                "from": "@outputs('json_processConfig')",
                "where": "@equals(item()?['action'], 'action-form')"
              }
            },
            "For_each_form": {
              "foreach": "@body('Filter_form_actions')",
              "actions": {
                "Append_to_varForms": {
                  "runAfter": {},
                  "metadata": {
                    "operationMetadataId": "b9f928ad-8432-46a0-9535-e30dedf525c5"
                  },
                  "type": "AppendToArrayVariable",
                  "inputs": {
                    "name": "varForms",
                    "value": {
                      "formTitle": "@{items('For_each_form')?['params']?['formTitle']}",
                      "formContent": "@items('For_each_form')?['params']?['formQuestions']"
                    }
                  }
                }
              },
              "runAfter": {
                "Filter_form_actions": [
                  "Succeeded"
                ]
              },
              "metadata": {
                "operationMetadataId": "9fed8a51-8382-4d53-9eb5-d5e5ea0ccfe2"
              },
              "type": "Foreach"
            },
            "For_each_variable_to_be_replaced_in_string": {
              "foreach": "@variables('varReplacedVariables')",
              "actions": {
                "log_variable": {
                  "runAfter": {},
                  "metadata": {
                    "operationMetadataId": "e02b389e-d1b1-420b-9408-12aeb43ac926"
                  },
                  "type": "Compose",
                  "inputs": "@items('For_each_variable_to_be_replaced_in_string')"
                },
                "tempBody": {
                  "runAfter": {
                    "log_variable": [
                      "Succeeded"
                    ]
                  },
                  "metadata": {
                    "operationMetadataId": "6b2cb35a-7c29-4565-a9cd-31428e80b3c6"
                  },
                  "type": "Compose",
                  "inputs": "@replace(variables('varBody'),item()?['variableName'],item()?['value'])"
                },
                "tempSubject": {
                  "runAfter": {
                    "log_variable": [
                      "Succeeded"
                    ]
                  },
                  "metadata": {
                    "operationMetadataId": "8dc6e405-af83-413f-8bad-220b2a0a588c"
                  },
                  "type": "Compose",
                  "inputs": "@replace(variables('varSubject'),item()?['variableName'],item()?['value'])"
                },
                "Set_varSubject": {
                  "runAfter": {
                    "tempSubject": [
                      "Succeeded"
                    ]
                  },
                  "metadata": {
                    "operationMetadataId": "73f1d344-83f6-44ac-ace2-63478c5a97c5"
                  },
                  "type": "SetVariable",
                  "inputs": {
                    "name": "varSubject",
                    "value": "@{outputs('tempSubject')}"
                  }
                },
                "Set_varBody": {
                  "runAfter": {
                    "tempBody": [
                      "Succeeded"
                    ]
                  },
                  "metadata": {
                    "operationMetadataId": "494f20ad-4403-42b9-95df-040c21ac9782"
                  },
                  "type": "SetVariable",
                  "inputs": {
                    "name": "varBody",
                    "value": "@{outputs('tempBody')}"
                  }
                }
              },
              "runAfter": {
                "For_each_variable": [
                  "Succeeded"
                ]
              },
              "metadata": {
                "operationMetadataId": "dc178a55-8347-48ba-a188-6b0834757bc3"
              },
              "type": "Foreach"
            }
          },
          "runAfter": {
            "json_processConfig": [
              "Succeeded"
            ]
          },
          "expression": {
            "and": [
              {
                "or": [
                  {
                    "greater": [
                      "@indexOf(triggerBody()['text_4'],'[[')",
                      -1
                    ]
                  },
                  {
                    "greater": [
                      "@indexOf(triggerBody()['text_4'],']]')",
                      -1
                    ]
                  },
                  {
                    "greater": [
                      "@indexOf(triggerBody()['text_3'],'[[')",
                      -1
                    ]
                  },
                  {
                    "greater": [
                      "@indexOf(triggerBody()['text_3'],']]')",
                      -1
                    ]
                  }
                ]
              }
            ]
          },
          "metadata": {
            "operationMetadataId": "44fa3ffa-d3be-43d1-ab08-e120c05438ec"
          },
          "type": "If"
        },
        "Initialize_varSubject": {
          "runAfter": {},
          "metadata": {
            "operationMetadataId": "5099a599-ff1d-4629-a34f-bca58e5d4565"
          },
          "type": "InitializeVariable",
          "inputs": {
            "variables": [
              {
                "name": "varSubject",
                "type": "string",
                "value": "@triggerBody()['text_3']"
              }
            ]
          }
        },
        "Initialize_varBody": {
          "runAfter": {
            "Initialize_varSubject": [
              "Succeeded"
            ]
          },
          "metadata": {
            "operationMetadataId": "4c9ec726-76cb-49ef-b6d0-bb6f99117349"
          },
          "type": "InitializeVariable",
          "inputs": {
            "variables": [
              {
                "name": "varBody",
                "type": "string",
                "value": "@triggerBody()['text_4']"
              }
            ]
          }
        },
        "Initialize_varResults": {
          "runAfter": {
            "Initialize_varBody": [
              "Succeeded"
            ]
          },
          "metadata": {
            "operationMetadataId": "fb69b51c-98bd-4097-81a2-50aa95ef60a4"
          },
          "type": "InitializeVariable",
          "inputs": {
            "variables": [
              {
                "name": "varResults",
                "type": "array"
              }
            ]
          }
        },
        "Initialize_varInput": {
          "runAfter": {
            "Initialize_varResults": [
              "Succeeded"
            ]
          },
          "metadata": {
            "operationMetadataId": "f7434e16-7eaa-41ca-a9ae-e0711136c940"
          },
          "type": "InitializeVariable",
          "inputs": {
            "variables": [
              {
                "name": "varInput",
                "type": "string",
                "value": "@{triggerBody()['text_3']}\n@{triggerBody()['text_4']}"
              }
            ]
          }
        },
        "Initialize_varReplacedVariables": {
          "runAfter": {
            "Initialize_varInput": [
              "Succeeded"
            ]
          },
          "metadata": {
            "operationMetadataId": "c9071326-c597-4461-ab56-1e97a695d62b"
          },
          "type": "InitializeVariable",
          "inputs": {
            "variables": [
              {
                "name": "varReplacedVariables",
                "type": "array"
              }
            ]
          }
        },
        "Initialize_varForms": {
          "runAfter": {
            "Initialize_varReplacedVariables": [
              "Succeeded"
            ]
          },
          "metadata": {
            "operationMetadataId": "c9076fd2-aca9-43ee-a3c1-9edd732c60c9"
          },
          "type": "InitializeVariable",
          "inputs": {
            "variables": [
              {
                "name": "varForms",
                "type": "array"
              }
            ]
          }
        },
        "log_finalized_strings": {
          "runAfter": {
            "form_variables_found": [
              "Succeeded"
            ]
          },
          "metadata": {
            "operationMetadataId": "87d353e6-0332-4c9c-831b-065db973f041"
          },
          "type": "Compose",
          "inputs": "subject: \n@{variables('varSubject')}\n\nbody:\n@{variables('varBody')}"
        },
        "Send_an_email_from_a_shared_mailbox_(V2)": {
          "runAfter": {
            "log_finalized_strings": [
              "Succeeded"
            ]
          },
          "metadata": {
            "operationMetadataId": "0d8805c9-4d70-401e-915d-73128fbcb63e"
          },
          "type": "OpenApiConnection",
          "inputs": {
            "host": {
              "connectionName": "shared_office365_1",
              "operationId": "SharedMailboxSendEmailV2",
              "apiId": "/providers/Microsoft.PowerApps/apis/shared_office365"
            },
            "parameters": {
              "emailMessage/MailboxAddress": "@parameters('flowSharedMailbox (visand_flowSharedMailbox)')",
              "emailMessage/To": "@triggerBody()['text']",
              "emailMessage/Subject": "@variables('varSubject')",
              "emailMessage/Body": "<p>@{variables('varBody')}<br>\n<br>\n<a href=\"@{parameters('flowAppUrl (visand_flowAppUrl)')}&process=@{triggerBody()['text_7']}\">Link zum Prozess</a></p>",
              "emailMessage/Cc": "@triggerBody()?['text_1']",
              "emailMessage/Bcc": "@triggerBody()?['text_2']",
              "emailMessage/Importance": "Normal"
            },
            "authentication": "@parameters('$authentication')"
          }
        }
      }
    },
    "templateName": ""
  },
  "schemaVersion": "1.0.0.0"
}