{
  "properties": {
    "connectionReferences": {
      "shared_commondataserviceforapps": {
        "runtimeSource": "embedded",
        "connection": {
          "connectionReferenceLogicalName": "visand_sharedcommondataserviceforapps_0b95f"
        },
        "api": {
          "name": "shared_commondataserviceforapps"
        }
      }
    },
    "definition": {
      "$schema": "https://schema.management.azure.com/providers/Microsoft.Logic/schemas/2016-06-01/workflowdefinition.json#",
      "contentVersion": "1.0.0.0",
      "parameters": {
        "$connections": {
          "defaultValue": {},
          "type": "Object"
        },
        "$authentication": {
          "defaultValue": {},
          "type": "SecureObject"
        },
        "flowDisplaySettings (visand_flowDisplaySettings)": {
          "defaultValue": {
            "flowName": "Flow",
            "flowObjectId": "fce29f87-0401-4204-b7f6-c9b3446bf4a6"
          },
          "type": "Object",
          "metadata": {
            "schemaName": "visand_flowDisplaySettings",
            "description": "The flow name and id so that users can see if actions completed automatically"
          }
        }
      },
      "triggers": {
        "manual": {
          "metadata": {
            "operationMetadataId": "ea6d3477-f5a1-45b6-b2fe-08903334ae0d"
          },
          "type": "Request",
          "kind": "PowerAppV2",
          "inputs": {
            "schema": {
              "type": "object",
              "properties": {
                "text_2": {
                  "title": "processTemplateId",
                  "type": "string",
                  "x-ms-dynamically-added": true,
                  "description": "Please enter your input",
                  "x-ms-content-hint": "TEXT"
                },
                "number_1": {
                  "title": "currentProcessStep",
                  "type": "number",
                  "x-ms-dynamically-added": true,
                  "description": "Please enter a number",
                  "x-ms-content-hint": "NUMBER"
                },
                "text": {
                  "title": "currentProcessId",
                  "type": "string",
                  "x-ms-dynamically-added": true,
                  "description": "Please enter your input",
                  "x-ms-content-hint": "TEXT"
                },
                "date": {
                  "title": "dueDate",
                  "type": "string",
                  "format": "date",
                  "x-ms-dynamically-added": true,
                  "description": "Please enter or select a date (YYYY-MM-DD)",
                  "x-ms-content-hint": "DATE"
                }
              },
              "required": [
                "text_2",
                "number_1",
                "text"
              ]
            }
          }
        }
      },
      "actions": {
        "Initialize_varCurrentProcessStep": {
          "runAfter": {},
          "metadata": {
            "operationMetadataId": "1e1ffbe5-e96f-4e7a-8e4a-ebbcb9339cc0"
          },
          "type": "InitializeVariable",
          "inputs": {
            "variables": [
              {
                "name": "varCurrentProcessStep",
                "type": "integer",
                "value": "@triggerBody()['number_1']"
              }
            ]
          }
        },
        "Initialize_varCreateProcess": {
          "runAfter": {
            "Initialize_varCurrentProcessStep": [
              "Succeeded"
            ]
          },
          "metadata": {
            "operationMetadataId": "7f1c8ef6-c222-4f3a-8db2-f99ae9a14bea"
          },
          "type": "InitializeVariable",
          "inputs": {
            "variables": [
              {
                "name": "varCreateProcess",
                "type": "boolean",
                "value": false
              }
            ]
          }
        },
        "Respond_to_a_Power_App_or_flow": {
          "runAfter": {
            "Update_running_process": [
              "Succeeded"
            ]
          },
          "metadata": {
            "operationMetadataId": "a6783da3-8aad-4d81-a5b5-8a92188d26d0"
          },
          "type": "Response",
          "kind": "PowerApp",
          "inputs": {
            "statusCode": 200,
            "body": {
              "nextstep": "@int(variables('varCurrentProcessStep'))",
              "duedate": "@{variables('varDueDate')}",
              "responsible": "@{variables('varResponsible')}",
              "success": "true"
            },
            "schema": {
              "type": "object",
              "properties": {
                "nextstep": {
                  "title": "nextStep",
                  "x-ms-dynamically-added": true,
                  "type": "number"
                },
                "duedate": {
                  "title": "dueDate",
                  "x-ms-dynamically-added": true,
                  "type": "string",
                  "format": "date"
                },
                "responsible": {
                  "title": "responsible",
                  "x-ms-dynamically-added": true,
                  "type": "string"
                },
                "success": {
                  "title": "success",
                  "x-ms-dynamically-added": true,
                  "type": "string"
                }
              }
            }
          }
        },
        "Get_a_processTemplate": {
          "runAfter": {
            "Initialize_varNewProcessConfig": [
              "Succeeded"
            ]
          },
          "metadata": {
            "operationMetadataId": "1dbf104d-dbee-48ed-8d5b-bd95e0591c2f"
          },
          "type": "OpenApiConnection",
          "inputs": {
            "host": {
              "connectionName": "shared_commondataserviceforapps",
              "operationId": "GetItem",
              "apiId": "/providers/Microsoft.PowerApps/apis/shared_commondataserviceforapps"
            },
            "parameters": {
              "entityName": "visand_processtemplates",
              "recordId": "@triggerBody()['text_2']",
              "x-ms-odata-metadata-full": false,
              "$select": "createdon,modifiedon,visand_nameformatted,_createdby_value,visand_processtemplateid,visand_templatenumber,visand_name,visand_processconfig,visand_triggertype,visand_active,visand_responsibletype,visand_responsibleobjectid,visand_responsibledisplayname"
            },
            "authentication": "@parameters('$authentication')"
          }
        },
        "Parse_processConfig": {
          "runAfter": {
            "Get_a_processTemplate": [
              "Succeeded"
            ]
          },
          "metadata": {
            "operationMetadataId": "a69f55fe-3c1a-4af3-b069-018d7d6989a7"
          },
          "type": "ParseJson",
          "inputs": {
            "content": "@json(outputs('Get_a_processTemplate')?['body/visand_processconfig'])",
            "schema": {
              "type": "array",
              "items": {
                "type": "object",
                "properties": {
                  "action": {
                    "type": "string"
                  },
                  "actionName": {
                    "type": "string"
                  },
                  "aid": {
                    "type": "string"
                  },
                  "completedBy": {
                    "anyOf": [
                      {
                        "type": "string"
                      },
                      {
                        "type": "null"
                      }
                    ]
                  },
                  "completedOn": {
                    "anyOf": [
                      {
                        "type": "string"
                      },
                      {
                        "type": "null"
                      }
                    ]
                  },
                  "aorder": {
                    "type": "integer"
                  },
                  "considerAsStep": {
                    "type": "boolean"
                  },
                  "icon": {
                    "type": "string"
                  },
                  "params": {},
                  "instructions": {
                    "type": [
                      "object",
                      "null"
                    ],
                    "properties": {
                      "instructions": {
                        "anyOf": [
                          {
                            "type": "string"
                          },
                          {
                            "type": "null"
                          }
                        ]
                      },
                      "subtitle": {
                        "anyOf": [
                          {
                            "type": "string"
                          },
                          {
                            "type": "null"
                          }
                        ]
                      },
                      "title": {
                        "anyOf": [
                          {
                            "type": "string"
                          },
                          {
                            "type": "null"
                          }
                        ]
                      }
                    }
                  }
                },
                "required": [
                  "action",
                  "actionName",
                  "aid",
                  "aorder",
                  "considerAsStep",
                  "icon"
                ]
              }
            }
          }
        },
        "Do_until_next_action_is_manual": {
          "actions": {
            "Switch": {
              "runAfter": {
                "log_step": [
                  "Succeeded"
                ]
              },
              "cases": {
                "action-setDueDate": {
                  "case": "action-setDueDate",
                  "actions": {
                    "Run_action_setDueDate": {
                      "runAfter": {},
                      "metadata": {
                        "operationMetadataId": "4b5a63e1-4f80-4239-a72c-95f934e30e65"
                      },
                      "type": "Workflow",
                      "inputs": {
                        "host": {
                          "workflowReferenceName": "99ce6e37-2d57-f011-bec2-6045bd2c6fae"
                        },
                        "body": {
                          "date": "@utcNow()",
                          "number": "@body('Parse_currentProcessConfig')[variables('varCurrentProcessStep')]?['params']?['setDueDateAmount']",
                          "text": "@body('Parse_currentProcessConfig')[variables('varCurrentProcessStep')]?['params']?['setDueDateUnit']"
                        }
                      }
                    },
                    "Set_varDueDate": {
                      "runAfter": {
                        "Run_action_setDueDate": [
                          "Succeeded"
                        ]
                      },
                      "metadata": {
                        "operationMetadataId": "92819d7e-790c-40a2-a119-64e63cfcfc10"
                      },
                      "type": "SetVariable",
                      "inputs": {
                        "name": "varDueDate",
                        "value": "@body('Run_action_setDueDate')?['duedate']"
                      }
                    },
                    "Increment_varCurrentProcessStep": {
                      "runAfter": {
                        "Append_to_varChangedActions_dueDate": [
                          "Succeeded"
                        ]
                      },
                      "metadata": {
                        "operationMetadataId": "9740a5ec-175d-4538-8d47-9f22b4a1090a"
                      },
                      "type": "IncrementVariable",
                      "inputs": {
                        "name": "varCurrentProcessStep",
                        "value": 1
                      }
                    },
                    "Append_to_varChangedActions_dueDate": {
                      "runAfter": {
                        "Set_varDueDate": [
                          "Succeeded"
                        ]
                      },
                      "metadata": {
                        "operationMetadataId": "0b873fbf-7e36-4f42-9dc3-5e47837baf2d"
                      },
                      "type": "AppendToArrayVariable",
                      "inputs": {
                        "name": "varChangedActions",
                        "value": "@body('Parse_processConfig')[variables('varCurrentProcessStep')]?['aid']"
                      }
                    }
                  }
                },
                "action-assign": {
                  "case": "action-assign",
                  "actions": {
                    "Set_variable_varResponsible": {
                      "runAfter": {},
                      "metadata": {
                        "operationMetadataId": "793b297f-9a18-499e-af18-cf42644956cc"
                      },
                      "type": "SetVariable",
                      "inputs": {
                        "name": "varResponsible",
                        "value": {
                          "objectId": "@{body('Parse_processConfig')[variables('varCurrentProcessStep')]?['params']?['assignObjectid']}",
                          "displayName": "@{body('Parse_processConfig')[variables('varCurrentProcessStep')]?['params']?['assignDisplayName']}",
                          "type": "@if(\r\n  equals(\r\n    body('Parse_processConfig')[variables('varCurrentProcessStep')]?['params']?['assignType'],\r\n    'user'\r\n  ),\r\n  800000001,\r\n  800000000\r\n)"
                        }
                      }
                    },
                    "Increment_variable": {
                      "runAfter": {
                        "Append_to_varChangedActions_assign": [
                          "Succeeded"
                        ]
                      },
                      "metadata": {
                        "operationMetadataId": "be40a254-6e9d-4f6a-be28-3464d13825b2"
                      },
                      "type": "IncrementVariable",
                      "inputs": {
                        "name": "varCurrentProcessStep",
                        "value": 1
                      }
                    },
                    "Append_to_varChangedActions_assign": {
                      "runAfter": {
                        "Set_variable_varResponsible": [
                          "Succeeded"
                        ]
                      },
                      "metadata": {
                        "operationMetadataId": "3dcd59c1-526b-408b-ad35-3cf82ed29de9"
                      },
                      "type": "AppendToArrayVariable",
                      "inputs": {
                        "name": "varChangedActions",
                        "value": "@body('Parse_processConfig')[variables('varCurrentProcessStep')]?['aid']"
                      }
                    }
                  }
                },
                "action-sendMail": {
                  "case": "action-sendMail",
                  "actions": {
                    "Run_action_sendMail": {
                      "runAfter": {},
                      "metadata": {
                        "operationMetadataId": "c39f5674-e3c6-41f3-94a1-90cd5a72af11"
                      },
                      "type": "Workflow",
                      "inputs": {
                        "host": {
                          "workflowReferenceName": "7ed20a60-2d57-f011-bec2-6045bd2c6fae"
                        },
                        "body": {
                          "text": "@body('Parse_processConfig')[variables('varCurrentProcessStep')]?['params']?['sendMailTo']",
                          "text_3": "@body('Parse_processConfig')[variables('varCurrentProcessStep')]?['params']?['sendMailSubject']",
                          "text_4": "@body('Parse_processConfig')[variables('varCurrentProcessStep')]?['params']?['sendMailBody']",
                          "text_5": "@outputs('Get_currentProcess')?['body/visand_processconfig']",
                          "text_6": "@body('Parse_processConfig')[variables('varCurrentProcessStep')]?['aid']",
                          "text_7": "@outputs('Get_currentProcess')?['body/visand_processid']",
                          "text_1": "@body('Parse_processConfig')[variables('varCurrentProcessStep')]?['params']?['sendMailCC']",
                          "text_2": "@body('Parse_processConfig')[variables('varCurrentProcessStep')]?['params']?['sendMailBCC']"
                        }
                      }
                    },
                    "Increment_variable_2": {
                      "runAfter": {
                        "Append_to_varChangedActions_sendMail": [
                          "Succeeded"
                        ]
                      },
                      "metadata": {
                        "operationMetadataId": "a191a282-b6bf-4c6c-96b2-dddd7fd5481a"
                      },
                      "type": "IncrementVariable",
                      "inputs": {
                        "name": "varCurrentProcessStep",
                        "value": 1
                      }
                    },
                    "Append_to_varChangedActions_sendMail": {
                      "runAfter": {
                        "Run_action_sendMail": [
                          "Succeeded"
                        ]
                      },
                      "metadata": {
                        "operationMetadataId": "7147d8c4-9778-4536-8caf-47a0f90ca829"
                      },
                      "type": "AppendToArrayVariable",
                      "inputs": {
                        "name": "varChangedActions",
                        "value": "@body('Parse_processConfig')[variables('varCurrentProcessStep')]?['aid']"
                      }
                    }
                  }
                },
                "action-condition": {
                  "case": "action-condition",
                  "actions": {
                    "Get_process": {
                      "runAfter": {},
                      "metadata": {
                        "operationMetadataId": "eaa73e7c-14b0-4b1c-94f5-4bf6bcce8876"
                      },
                      "type": "OpenApiConnection",
                      "inputs": {
                        "host": {
                          "connectionName": "shared_commondataserviceforapps",
                          "operationId": "GetItem",
                          "apiId": "/providers/Microsoft.PowerApps/apis/shared_commondataserviceforapps"
                        },
                        "parameters": {
                          "entityName": "visand_processes",
                          "recordId": "@triggerBody()['text']",
                          "x-ms-odata-metadata-full": false,
                          "$select": "visand_processconfig"
                        },
                        "authentication": "@parameters('$authentication')"
                      }
                    },
                    "Run_action_condition": {
                      "runAfter": {
                        "Get_process": [
                          "Succeeded"
                        ]
                      },
                      "metadata": {
                        "operationMetadataId": "5ef2c196-8062-41da-8239-7987b1d661a4"
                      },
                      "type": "Workflow",
                      "inputs": {
                        "host": {
                          "workflowReferenceName": "91b91c72-2d57-f011-bec2-6045bd2c6fae"
                        },
                        "body": {
                          "text": "@outputs('Get_process')?['body/visand_processconfig']",
                          "text_1": "@body('Parse_processConfig')[variables('varCurrentProcessStep')]?['aorder']"
                        }
                      }
                    },
                    "Set_variable": {
                      "runAfter": {
                        "Append_to_varChangedActions_condition": [
                          "Succeeded"
                        ]
                      },
                      "metadata": {
                        "operationMetadataId": "69e9a133-dba2-4323-a89f-6e22854f263b"
                      },
                      "type": "SetVariable",
                      "inputs": {
                        "name": "varCurrentProcessStep",
                        "value": "@sub(int(body('Run_action_condition')?['nextstep']),1)"
                      }
                    },
                    "Append_to_varChangedActions_condition": {
                      "runAfter": {
                        "Run_action_condition": [
                          "Succeeded"
                        ]
                      },
                      "metadata": {
                        "operationMetadataId": "d5500933-2849-472c-ae36-8eba35cfa2b7"
                      },
                      "type": "AppendToArrayVariable",
                      "inputs": {
                        "name": "varChangedActions",
                        "value": "@body('Parse_processConfig')[variables('varCurrentProcessStep')]?['aid']"
                      }
                    }
                  }
                },
                "action-approval": {
                  "case": "action-approval",
                  "actions": {
                    "Set_varResponsible_approval": {
                      "runAfter": {},
                      "metadata": {
                        "operationMetadataId": "9d116c03-2e7c-41d5-ad6c-d70c89f1e9fc"
                      },
                      "type": "SetVariable",
                      "inputs": {
                        "name": "varResponsible",
                        "value": {
                          "objectId": "@{body('Parse_processConfig')[variables('varCurrentProcessStep')]?['params']?['approvalObjectid']}",
                          "displayName": "@{body('Parse_processConfig')[variables('varCurrentProcessStep')]?['params']?['approvalDisplayName']}",
                          "type": "@if(\n  equals(\n    body('Parse_processConfig')[variables('varCurrentProcessStep')]?['params']?['approvalType'],\n    'user'\n  ),\n  800000001,\n  800000000\n)"
                        }
                      }
                    },
                    "Increment_variable_3": {
                      "runAfter": {
                        "Set_varCreateProcess_Approval": [
                          "Succeeded"
                        ]
                      },
                      "metadata": {
                        "operationMetadataId": "915c40b1-43c1-422f-9cce-9b75a41a70d3"
                      },
                      "type": "IncrementVariable",
                      "inputs": {
                        "name": "varCurrentProcessStep",
                        "value": 1
                      }
                    },
                    "Set_varCreateProcess_Approval": {
                      "runAfter": {
                        "Set_varResponsible_approval": [
                          "Succeeded"
                        ]
                      },
                      "metadata": {
                        "operationMetadataId": "805854ae-5d74-406c-9bc0-58a0f346d0cd"
                      },
                      "type": "SetVariable",
                      "inputs": {
                        "name": "varCreateProcess",
                        "value": true
                      }
                    }
                  }
                },
                "end": {
                  "case": "end",
                  "actions": {
                    "Set_varCreateProcess_end": {
                      "runAfter": {},
                      "metadata": {
                        "operationMetadataId": "3a56593b-bfa1-4ccf-9bbb-e3a21812a5fe"
                      },
                      "type": "SetVariable",
                      "inputs": {
                        "name": "varCreateProcess",
                        "value": true
                      }
                    },
                    "Append_to_varChangedActions_end": {
                      "runAfter": {
                        "Set_varCreateProcess_end": [
                          "Succeeded"
                        ]
                      },
                      "metadata": {
                        "operationMetadataId": "e6b00761-a4f9-45bf-86f6-67d601b788e1"
                      },
                      "type": "AppendToArrayVariable",
                      "inputs": {
                        "name": "varChangedActions",
                        "value": "@body('Parse_processConfig')[variables('varCurrentProcessStep')]?['aid']"
                      }
                    },
                    "Increment_variable_4": {
                      "runAfter": {
                        "Append_to_varChangedActions_end": [
                          "Succeeded"
                        ]
                      },
                      "metadata": {
                        "operationMetadataId": "8348a2f8-e47e-470d-9be6-8e7e65a6776e"
                      },
                      "type": "IncrementVariable",
                      "inputs": {
                        "name": "varCurrentProcessStep",
                        "value": 1
                      }
                    }
                  }
                }
              },
              "default": {
                "actions": {
                  "Set_varCreateProcess": {
                    "runAfter": {},
                    "metadata": {
                      "operationMetadataId": "40942fc5-b99e-48fe-a3cd-a11a5c6c6b3c"
                    },
                    "type": "SetVariable",
                    "inputs": {
                      "name": "varCreateProcess",
                      "value": true
                    }
                  },
                  "Increment_variable_1": {
                    "runAfter": {
                      "Set_varCreateProcess": [
                        "Succeeded"
                      ]
                    },
                    "metadata": {
                      "operationMetadataId": "deec0b3f-b637-4b84-9f22-c605eeaa37a8"
                    },
                    "type": "IncrementVariable",
                    "inputs": {
                      "name": "varCurrentProcessStep",
                      "value": 1
                    }
                  }
                }
              },
              "expression": "@body('Parse_processConfig')[variables('varCurrentProcessStep')]?['action']",
              "metadata": {
                "operationMetadataId": "bd1996e5-e33f-4cd8-a861-f05fd071c213"
              },
              "type": "Switch"
            },
            "log_step": {
              "runAfter": {},
              "metadata": {
                "operationMetadataId": "0ab4ba34-ac49-4960-83fe-0ee41b03f489"
              },
              "type": "Compose",
              "inputs": "@body('Parse_currentProcessConfig')[variables('varCurrentProcessStep')]"
            }
          },
          "runAfter": {
            "Parse_currentProcessConfig": [
              "Succeeded"
            ]
          },
          "expression": "@equals(variables('varCreateProcess'), true)",
          "limit": {
            "count": 60,
            "timeout": "PT1H"
          },
          "metadata": {
            "operationMetadataId": "1b836e1f-f19c-409d-bea4-84a592ae825b"
          },
          "type": "Until"
        },
        "Get_currentProcess": {
          "runAfter": {
            "Parse_processConfig": [
              "Succeeded"
            ]
          },
          "metadata": {
            "operationMetadataId": "c02369e2-243b-4e96-9658-c7cbb89c4d26"
          },
          "type": "OpenApiConnection",
          "inputs": {
            "host": {
              "connectionName": "shared_commondataserviceforapps",
              "operationId": "GetItem",
              "apiId": "/providers/Microsoft.PowerApps/apis/shared_commondataserviceforapps"
            },
            "parameters": {
              "entityName": "visand_processes",
              "recordId": "@triggerBody()['text']"
            },
            "authentication": "@parameters('$authentication')"
          }
        },
        "Parse_currentProcessConfig": {
          "runAfter": {
            "Initialize_varDueDate": [
              "Succeeded"
            ]
          },
          "metadata": {
            "operationMetadataId": "7d6093f2-fd37-4014-9c6b-c07bd0bd3d8f"
          },
          "type": "ParseJson",
          "inputs": {
            "content": "@outputs('Get_currentProcess')?['body/visand_processconfig']",
            "schema": {
              "type": "array",
              "items": {
                "type": "object",
                "properties": {
                  "action": {
                    "type": "string"
                  },
                  "actionName": {
                    "type": "string"
                  },
                  "aid": {
                    "type": "string"
                  },
                  "completedBy": {
                    "anyOf": [
                      {
                        "type": "string"
                      },
                      {
                        "type": "null"
                      }
                    ]
                  },
                  "completedOn": {
                    "anyOf": [
                      {
                        "type": "string"
                      },
                      {
                        "type": "null"
                      }
                    ]
                  },
                  "aorder": {
                    "type": "integer"
                  },
                  "considerAsStep": {
                    "type": "boolean"
                  },
                  "icon": {
                    "type": "string"
                  },
                  "params": {},
                  "instructions": {
                    "type": [
                      "object",
                      "null"
                    ],
                    "properties": {
                      "instructions": {
                        "anyOf": [
                          {
                            "type": "string"
                          },
                          {
                            "type": "null"
                          }
                        ]
                      },
                      "subtitle": {
                        "anyOf": [
                          {
                            "type": "string"
                          },
                          {
                            "type": "null"
                          }
                        ]
                      },
                      "title": {
                        "anyOf": [
                          {
                            "type": "string"
                          },
                          {
                            "type": "null"
                          }
                        ]
                      }
                    }
                  }
                },
                "required": [
                  "action",
                  "actionName",
                  "aid",
                  "aorder",
                  "considerAsStep",
                  "icon"
                ]
              }
            }
          }
        },
        "Initialize_varChangedActions": {
          "runAfter": {
            "Initialize_varCreateProcess": [
              "Succeeded"
            ]
          },
          "metadata": {
            "operationMetadataId": "e4e554ad-d81c-4d00-819a-532e4aa859d9"
          },
          "type": "InitializeVariable",
          "inputs": {
            "variables": [
              {
                "name": "varChangedActions",
                "type": "array"
              }
            ]
          }
        },
        "For_each_action": {
          "foreach": "@json(outputs('Get_currentProcess')?['body/visand_processconfig'])",
          "actions": {
            "Filter_by_changed_actions": {
              "runAfter": {},
              "metadata": {
                "operationMetadataId": "e83207f3-0525-40f9-8d5e-29a237fb1443"
              },
              "type": "Query",
              "inputs": {
                "from": "@variables('varChangedActions')",
                "where": "@equals(item(), items('For_each_action')?['aid'])"
              }
            },
            "changed_action": {
              "actions": {
                "Append_to_varNewProcessConfig_completedBy": {
                  "runAfter": {},
                  "metadata": {
                    "operationMetadataId": "e6bcf3e2-fd26-4a47-b8a3-e2de808729f4"
                  },
                  "type": "AppendToArrayVariable",
                  "inputs": {
                    "name": "varNewProcessConfig",
                    "value": {
                      "action": "@items('For_each_action')?['action']",
                      "actionName": "@items('For_each_action')?['actionName']",
                      "aid": "@items('For_each_action')?['aid']",
                      "aorder": "@items('For_each_action')?['aorder']",
                      "completedBy": "@{parameters('flowDisplaySettings (visand_flowDisplaySettings)')?['flowObjectId']}",
                      "completedByDisplayName": "@{parameters('flowDisplaySettings (visand_flowDisplaySettings)')?['flowName']}",
                      "completedOn": "@{formatDateTime(utcNow(),'MM/dd/yyyy hh:mm')}",
                      "considerAsStep": "@items('For_each_action')?['considerAsStep']",
                      "icon": "@{items('For_each_action')?['icon']}",
                      "instructions": "@items('For_each_action')?['instructions']",
                      "params": "@items('For_each_action')?['params']"
                    }
                  }
                }
              },
              "runAfter": {
                "Filter_by_changed_actions": [
                  "Succeeded"
                ]
              },
              "else": {
                "actions": {
                  "Append_to_varNewProcessConfig": {
                    "runAfter": {},
                    "metadata": {
                      "operationMetadataId": "83079212-a319-4f38-a4d8-a100aface004"
                    },
                    "type": "AppendToArrayVariable",
                    "inputs": {
                      "name": "varNewProcessConfig",
                      "value": "@items('For_each_action')"
                    }
                  }
                }
              },
              "expression": {
                "greater": [
                  "@length(body('Filter_by_changed_actions'))",
                  0
                ]
              },
              "metadata": {
                "operationMetadataId": "bfd3c55e-6382-45e0-9793-31521c1a8859"
              },
              "type": "If"
            }
          },
          "runAfter": {
            "Do_until_next_action_is_manual": [
              "Succeeded"
            ]
          },
          "metadata": {
            "operationMetadataId": "639b3186-cb5b-42d7-aa2d-601732141f8d"
          },
          "type": "Foreach"
        },
        "Initialize_varNewProcessConfig": {
          "runAfter": {
            "Initialize_varChangedActions": [
              "Succeeded"
            ]
          },
          "metadata": {
            "operationMetadataId": "70bca754-d836-47fb-9e86-5ffa9f71b9d4"
          },
          "type": "InitializeVariable",
          "inputs": {
            "variables": [
              {
                "name": "varNewProcessConfig",
                "type": "array"
              }
            ]
          }
        },
        "Update_running_process": {
          "runAfter": {
            "Filter_newActiveAction": [
              "Succeeded"
            ]
          },
          "metadata": {
            "operationMetadataId": "3d306a17-1bf5-4bc3-a4d5-e43da744c56e"
          },
          "type": "OpenApiConnection",
          "inputs": {
            "host": {
              "connectionName": "shared_commondataserviceforapps",
              "operationId": "UpdateOnlyRecord",
              "apiId": "/providers/Microsoft.PowerApps/apis/shared_commondataserviceforapps"
            },
            "parameters": {
              "entityName": "visand_processes",
              "recordId": "@triggerBody()['text']",
              "item/visand_activeprocessaid": "@first(body('Filter_newActiveAction'))?['aid']",
              "item/visand_duedate": "@If(\r\n  equals(\r\n    variables('varDueDate'),\r\n    ''\r\n  ),\r\n  null,\r\n  variables('varDueDate')\r\n)",
              "item/visand_processconfig": "@variables('varNewProcessConfig')",
              "item/visand_processstep": "@{int(variables('varCurrentProcessStep'))} von @{length(body('Parse_currentProcessConfig'))}",
              "item/visand_responsibledisplayname": "@variables('varResponsible')?['displayName']",
              "item/visand_responsibleobjectid": "@variables('varResponsible')?['objectId']",
              "item/visand_responsibletype": "@variables('varResponsible')?['type']",
              "item/visand_status": "@if(\r\n    equals(\r\n        int(variables('varCurrentProcessStep')),\r\n        length(variables('varNewProcessConfig'))\r\n    ),\r\n    800000001,\r\n    outputs('Get_currentProcess')?['body/visand_status']\r\n)\r\n"
            },
            "authentication": "@parameters('$authentication')"
          }
        },
        "Filter_newActiveAction": {
          "runAfter": {
            "For_each_action": [
              "Succeeded"
            ]
          },
          "metadata": {
            "operationMetadataId": "0300417a-63b6-4493-850b-b76039015622"
          },
          "type": "Query",
          "inputs": {
            "from": "@variables('varNewProcessConfig')",
            "where": "@equals(item()?['aorder'], int(variables('varCurrentProcessStep')))"
          }
        },
        "Initialize_varResponsible": {
          "runAfter": {
            "Get_currentProcess": [
              "Succeeded"
            ]
          },
          "metadata": {
            "operationMetadataId": "f5a43157-25d9-4b75-a40f-3b51345a77ba"
          },
          "type": "InitializeVariable",
          "inputs": {
            "variables": [
              {
                "name": "varResponsible",
                "type": "object",
                "value": {
                  "objectId": "@{outputs('Get_currentProcess')?['body/visand_responsibleobjectid']}",
                  "displayName": "@{outputs('Get_currentProcess')?['body/visand_responsibledisplayname']}",
                  "type": "@{outputs('Get_currentProcess')?['body/visand_responsibletype']}"
                }
              }
            ]
          }
        },
        "Respond_to_a_Power_App_or_flow_2": {
          "runAfter": {
            "Update_running_process": [
              "TimedOut",
              "Skipped",
              "Failed"
            ]
          },
          "metadata": {
            "operationMetadataId": "a0ff9f49-38d9-4497-8877-fcc64282d3cf"
          },
          "type": "Response",
          "kind": "PowerApp",
          "inputs": {
            "statusCode": 200,
            "body": {
              "nextstep": "@{null}",
              "duedate": "@{null}",
              "responsible": "@{null}",
              "success": "false"
            },
            "schema": {
              "type": "object",
              "properties": {
                "nextstep": {
                  "title": "nextStep",
                  "x-ms-dynamically-added": true,
                  "type": "number"
                },
                "duedate": {
                  "title": "dueDate",
                  "x-ms-dynamically-added": true,
                  "type": "string",
                  "format": "date"
                },
                "responsible": {
                  "title": "responsible",
                  "x-ms-dynamically-added": true,
                  "type": "string"
                },
                "success": {
                  "title": "success",
                  "x-ms-dynamically-added": true,
                  "type": "string"
                }
              }
            }
          }
        },
        "Initialize_varDueDate": {
          "runAfter": {
            "Initialize_varResponsible": [
              "Succeeded"
            ]
          },
          "metadata": {
            "operationMetadataId": "e174549a-dc94-4aa7-9d06-377af2ce553f"
          },
          "type": "InitializeVariable",
          "inputs": {
            "variables": [
              {
                "name": "varDueDate",
                "type": "string",
                "value": "@outputs('Get_currentProcess')?['body/visand_duedate']"
              }
            ]
          }
        }
      }
    },
    "templateName": ""
  },
  "schemaVersion": "1.0.0.0"
}