{
  "properties": {
    "connectionReferences": {
      "shared_commondataserviceforapps": {
        "runtimeSource": "embedded",
        "connection": {
          "connectionReferenceLogicalName": "visand_sharedcommondataserviceforapps_0b95f"
        },
        "api": {
          "name": "shared_commondataserviceforapps"
        }
      },
      "shared_sharepointonline": {
        "runtimeSource": "embedded",
        "connection": {
          "connectionReferenceLogicalName": "visand_SharePointUser"
        },
        "api": {
          "name": "shared_sharepointonline"
        }
      }
    },
    "definition": {
      "$schema": "https://schema.management.azure.com/providers/Microsoft.Logic/schemas/2016-06-01/workflowdefinition.json#",
      "contentVersion": "1.0.0.0",
      "parameters": {
        "$connections": {
          "defaultValue": {},
          "type": "Object"
        },
        "$authentication": {
          "defaultValue": {},
          "type": "SecureObject"
        },
        "flowSite (visand_flowSite)": {
          "defaultValue": "https://visionand.sharepoint.com/sites/Flow2",
          "type": "String",
          "metadata": {
            "schemaName": "visand_flowSite"
          }
        },
        "flowDigitalInbox (visand_flowDigitalInbox)": {
          "defaultValue": "f1c30a3a-9441-4a2b-9499-ecc9ebf57aeb",
          "type": "String",
          "metadata": {
            "schemaName": "visand_flowDigitalInbox",
            "description": "The library pointing to the digital inbox. Scanned documents can be uploaded here"
          }
        },
        "flowDocuments (visand_flowDocuments)": {
          "defaultValue": "ff5affaf-d590-4e9a-bce7-c29cef332e1b",
          "type": "String",
          "metadata": {
            "schemaName": "visand_flowDocuments"
          }
        }
      },
      "triggers": {
        "When_a_file_is_created_(properties_only)": {
          "recurrence": {
            "interval": 1,
            "frequency": "Minute"
          },
          "splitOn": "@triggerOutputs()?['body/value']",
          "metadata": {
            "operationMetadataId": "9561274e-3458-4645-89ba-83b6e9ead628"
          },
          "type": "OpenApiConnection",
          "inputs": {
            "host": {
              "connectionName": "shared_sharepointonline",
              "operationId": "GetOnNewFileItems",
              "apiId": "/providers/Microsoft.PowerApps/apis/shared_sharepointonline"
            },
            "parameters": {
              "dataset": "@parameters('flowSite (visand_flowSite)')",
              "table": "@parameters('flowDigitalInbox (visand_flowDigitalInbox)')"
            },
            "authentication": "@parameters('$authentication')"
          }
        }
      },
      "actions": {
        "Add_a_new_process": {
          "runAfter": {},
          "metadata": {
            "operationMetadataId": "024314c5-0c2c-4d68-b8ee-b4399037ddad"
          },
          "type": "OpenApiConnection",
          "inputs": {
            "host": {
              "connectionName": "shared_commondataserviceforapps",
              "operationId": "CreateRecord",
              "apiId": "/providers/Microsoft.PowerApps/apis/shared_commondataserviceforapps"
            },
            "parameters": {
              "entityName": "visand_processes",
              "item/visand_name": "Digitaler Posteingang"
            },
            "authentication": "@parameters('$authentication')"
          }
        },
        "Create_folder_processid": {
          "runAfter": {
            "Add_a_new_process": [
              "Succeeded"
            ]
          },
          "metadata": {
            "operationMetadataId": "02f5dad8-54c7-4049-a970-ebd442c3a0d5"
          },
          "type": "OpenApiConnection",
          "inputs": {
            "host": {
              "connectionName": "shared_sharepointonline",
              "operationId": "CreateNewFolder",
              "apiId": "/providers/Microsoft.PowerApps/apis/shared_sharepointonline"
            },
            "parameters": {
              "dataset": "@parameters('flowSite (visand_flowSite)')",
              "table": "@parameters('flowDocuments (visand_flowDocuments)')",
              "parameters/path": "@outputs('Add_a_new_process')?['body/visand_processnumber']"
            },
            "authentication": "@parameters('$authentication')"
          }
        },
        "Update_process": {
          "runAfter": {
            "Delete_file": [
              "Succeeded",
              "Failed"
            ]
          },
          "metadata": {
            "operationMetadataId": "7b5cb85e-2c0d-421d-8b34-4da43e18b75b"
          },
          "type": "OpenApiConnection",
          "inputs": {
            "host": {
              "connectionName": "shared_commondataserviceforapps",
              "operationId": "UpdateOnlyRecord",
              "apiId": "/providers/Microsoft.PowerApps/apis/shared_commondataserviceforapps"
            },
            "parameters": {
              "entityName": "visand_processes",
              "recordId": "@outputs('Add_a_new_process')?['body/visand_processid']",
              "item/visand_notassigneddocumenturl": "@{parameters('flowSite (visand_flowSite)')}@{outputs('Create_file')?['body/Path']}"
            },
            "authentication": "@parameters('$authentication')"
          }
        },
        "Get_file_content": {
          "runAfter": {
            "Create_folder_processid": [
              "Succeeded"
            ]
          },
          "metadata": {
            "operationMetadataId": "151132a2-a872-438c-ace3-14f004ab6c31"
          },
          "type": "OpenApiConnection",
          "inputs": {
            "host": {
              "connectionName": "shared_sharepointonline",
              "operationId": "GetFileContent",
              "apiId": "/providers/Microsoft.PowerApps/apis/shared_sharepointonline"
            },
            "parameters": {
              "dataset": "@parameters('flowSite (visand_flowSite)')",
              "id": "@triggerOutputs()?['body/{Identifier}']",
              "inferContentType": true
            },
            "authentication": "@parameters('$authentication')"
          }
        },
        "Create_file": {
          "runAfter": {
            "Get_file_content": [
              "Succeeded"
            ]
          },
          "metadata": {
            "operationMetadataId": "7e08a0e8-947a-4894-8c74-7a02f1513d0c"
          },
          "type": "OpenApiConnection",
          "inputs": {
            "host": {
              "connectionName": "shared_sharepointonline",
              "operationId": "CreateFile",
              "apiId": "/providers/Microsoft.PowerApps/apis/shared_sharepointonline"
            },
            "parameters": {
              "dataset": "@parameters('flowSite (visand_flowSite)')",
              "folderPath": "/Freigegebene Dokumente/@{outputs('Add_a_new_process')?['body/visand_processnumber']}",
              "name": "@triggerOutputs()?['body/{FilenameWithExtension}']",
              "body": "@body('Get_file_content')"
            },
            "authentication": "@parameters('$authentication')"
          },
          "runtimeConfiguration": {
            "contentTransfer": {
              "transferMode": "Chunked"
            }
          }
        },
        "Delete_file": {
          "runAfter": {
            "Create_file": [
              "Succeeded"
            ]
          },
          "metadata": {
            "operationMetadataId": "f5b2dbe8-e89a-40b4-92dc-143cf2c65612"
          },
          "type": "OpenApiConnection",
          "inputs": {
            "host": {
              "connectionName": "shared_sharepointonline",
              "operationId": "DeleteFile",
              "apiId": "/providers/Microsoft.PowerApps/apis/shared_sharepointonline"
            },
            "parameters": {
              "dataset": "@parameters('flowSite (visand_flowSite)')",
              "id": "@triggerOutputs()?['body/{Identifier}']"
            },
            "authentication": "@parameters('$authentication')"
          }
        }
      }
    },
    "templateName": ""
  },
  "schemaVersion": "1.0.0.0"
}