{
  "properties": {
    "connectionReferences": {
      "shared_sharepointonline": {
        "api": {
          "name": "shared_sharepointonline"
        },
        "connection": {
          "connectionReferenceLogicalName": "visand_SharePointUser"
        },
        "runtimeSource": "invoker"
      }
    },
    "definition": {
      "$schema": "https://schema.management.azure.com/providers/Microsoft.Logic/schemas/2016-06-01/workflowdefinition.json#",
      "contentVersion": "1.0.0.0",
      "parameters": {
        "$authentication": {
          "defaultValue": {},
          "type": "SecureObject"
        },
        "$connections": {
          "defaultValue": {},
          "type": "Object"
        }
      },
      "triggers": {
        "manual": {
          "type": "Request",
          "kind": "PowerAppV2",
          "inputs": {
            "schema": {
              "type": "object",
              "properties": {
                "text": {
                  "title": "sourceUrl",
                  "type": "string",
                  "x-ms-dynamically-added": true,
                  "description": "Please enter your input",
                  "x-ms-content-hint": "TEXT"
                },
                "text_1": {
                  "title": "path",
                  "type": "string",
                  "x-ms-dynamically-added": true,
                  "description": "Please enter your input",
                  "x-ms-content-hint": "TEXT"
                },
                "number": {
                  "title": "processNumber",
                  "type": "number",
                  "x-ms-dynamically-added": true,
                  "description": "Please enter a number",
                  "x-ms-content-hint": "NUMBER"
                },
                "text_2": {
                  "title": "libraryId",
                  "type": "string",
                  "x-ms-dynamically-added": true,
                  "description": "Please enter your input",
                  "x-ms-content-hint": "TEXT"
                },
                "text_3": {
                  "title": "metadata",
                  "type": "string",
                  "x-ms-dynamically-added": true,
                  "description": "Please enter your input",
                  "x-ms-content-hint": "TEXT"
                }
              },
              "required": [
                "text",
                "text_1",
                "number",
                "text_2"
              ]
            }
          },
          "metadata": {
            "operationMetadataId": "59330468-acef-4245-bbc1-9fdcaaab14a5"
          }
        }
      },
      "actions": {
        "Get_file_content_using_path": {
          "type": "OpenApiConnection",
          "inputs": {
            "parameters": {
              "dataset": "@outputs('sourceBaseUrl')",
              "path": "@outputs('sourceRelativeUrlToFile')",
              "inferContentType": true
            },
            "host": {
              "apiId": "/providers/Microsoft.PowerApps/apis/shared_sharepointonline",
              "operationId": "GetFileContentByPath",
              "connectionName": "shared_sharepointonline"
            }
          },
          "runAfter": {
            "sourceRelativeUrlToFile": [
              "Succeeded"
            ]
          },
          "metadata": {
            "operationMetadataId": "1f42051d-574b-4148-8b50-2f30b47663ae"
          }
        },
        "sourceBaseUrl": {
          "type": "Compose",
          "inputs": "@decodeUriComponent(join(take(split(triggerBody()['text'], '/'), 5), '/'))",
          "runAfter": {},
          "metadata": {
            "operationMetadataId": "c8a5f329-04fa-42e1-bc5f-ee9a114f5f4a"
          }
        },
        "sourceRelativeUrlToFile": {
          "type": "Compose",
          "inputs": "@decodeUriComponent(concat('/', join(skip(split(triggerBody()['text'], '/'), 5), '/')))",
          "runAfter": {
            "sourceBaseUrl": [
              "Succeeded"
            ]
          },
          "metadata": {
            "operationMetadataId": "6d9977b5-acfd-4cd4-bc0e-19b80a0714c5"
          }
        },
        "Run_a_Child_Flow": {
          "type": "Workflow",
          "inputs": {
            "host": {
              "workflowReferenceName": "bfb4e7e2-3941-f011-877a-6045bd2c6fae"
            },
            "body": {
              "text": "@triggerBody()['text_1']",
              "number": "@triggerBody()['number']",
              "text_2": "@triggerBody()['text_2']",
              "file": {
                "name": "@last(split(triggerBody()?['text'], '/'))",
                "contentBytes": "@body('Get_file_content_using_path')?['$content']"
              },
              "text_1": "@triggerBody()['text_3']"
            }
          },
          "runAfter": {
            "Get_file_content_using_path": [
              "Succeeded"
            ]
          },
          "metadata": {
            "operationMetadataId": "649b523b-bb7f-49cb-aa29-d714486525fb"
          }
        },
        "Respond_success": {
          "type": "Response",
          "kind": "PowerApp",
          "inputs": {
            "schema": {
              "type": "object",
              "properties": {
                "response": {
                  "title": "response",
                  "x-ms-dynamically-added": true,
                  "type": "string"
                },
                "success": {
                  "title": "success",
                  "x-ms-dynamically-added": true,
                  "type": "boolean"
                }
              },
              "additionalProperties": {}
            },
            "statusCode": 200,
            "body": {
              "response": "@{body('Run_a_Child_Flow')?['response']}",
              "success": true
            }
          },
          "runAfter": {
            "Run_a_Child_Flow": [
              "Succeeded"
            ]
          },
          "metadata": {
            "operationMetadataId": "e21f7fac-cec3-4a4c-8fbb-f404456d65c4"
          }
        },
        "Respond_failed": {
          "type": "Response",
          "kind": "PowerApp",
          "inputs": {
            "schema": {
              "type": "object",
              "properties": {
                "response": {
                  "title": "response",
                  "x-ms-dynamically-added": true,
                  "type": "string"
                },
                "success": {
                  "title": "success",
                  "x-ms-dynamically-added": true,
                  "type": "boolean"
                }
              },
              "additionalProperties": {}
            },
            "statusCode": 200,
            "body": {
              "response": "Hochladen des Dokuments fehlgeschlagen. Bitte probiere es noch einmal. Sollte es nach wie vor nicht funktionieren, kontaktiere den Prozess-Ersteller und überprüfe, ob du im Ordner Zugriff hast.",
              "success": false
            }
          },
          "runAfter": {
            "Run_a_Child_Flow": [
              "TimedOut",
              "Skipped",
              "Failed"
            ]
          },
          "metadata": {
            "operationMetadataId": "168e2150-b5e3-41ce-aae1-abe1ec951cdc"
          }
        }
      }
    },
    "templateName": null
  },
  "schemaVersion": "1.0.0.0"
}