{
  "properties": {
    "connectionReferences": {
      "shared_sharepointonline": {
        "runtimeSource": "embedded",
        "connection": {
          "connectionReferenceLogicalName": "visand_SharePointUser"
        },
        "api": {
          "name": "shared_sharepointonline"
        }
      }
    },
    "definition": {
      "$schema": "https://schema.management.azure.com/providers/Microsoft.Logic/schemas/2016-06-01/workflowdefinition.json#",
      "contentVersion": "1.0.0.0",
      "parameters": {
        "$connections": {
          "defaultValue": {},
          "type": "Object"
        },
        "$authentication": {
          "defaultValue": {},
          "type": "SecureObject"
        }
      },
      "triggers": {
        "manual": {
          "metadata": {
            "operationMetadataId": "50f912ae-3bb5-40ea-b2c2-85f2dc652169"
          },
          "type": "Request",
          "kind": "PowerAppV2",
          "inputs": {
            "schema": {
              "type": "object",
              "properties": {
                "text": {
                  "description": "Please enter your input",
                  "title": "baseUrl",
                  "type": "string",
                  "x-ms-content-hint": "TEXT",
                  "x-ms-dynamically-added": true
                },
                "text_2": {
                  "description": "Please enter your input",
                  "title": "libraryId",
                  "type": "string",
                  "x-ms-content-hint": "TEXT",
                  "x-ms-dynamically-added": true
                }
              },
              "required": [
                "text",
                "text_2"
              ]
            }
          }
        }
      },
      "actions": {
        "Get_metadata_of_library": {
          "runAfter": {
            "Compose": [
              "Succeeded"
            ]
          },
          "metadata": {
            "operationMetadataId": "648346c4-06f0-4035-bf1b-2e115e833ed3"
          },
          "type": "OpenApiConnection",
          "inputs": {
            "host": {
              "connectionName": "shared_sharepointonline",
              "operationId": "HttpRequest",
              "apiId": "/providers/Microsoft.PowerApps/apis/shared_sharepointonline"
            },
            "parameters": {
              "dataset": "@triggerBody()?['text']",
              "parameters/method": "GET",
              "parameters/uri": "/_api/web/lists/GetById(guid'@{triggerBody()?['text_2']}')/Fields?$filter=Hidden eq false and ReadOnlyField eq false&$select=EntityPropertyName,InternalName,Title,StaticName,Description,Choices,TypeAsString,AllowMultipleValues,Required,CurrencyLocaleId,MaximumValue,MinimumValue,Id",
              "parameters/headers": {
                "Accept": "application/json;odata=nometadata"
              }
            },
            "authentication": "@parameters('$authentication')"
          }
        },
        "Filter_out_default_columns": {
          "runAfter": {
            "Get_metadata_of_library": [
              "Succeeded"
            ]
          },
          "metadata": {
            "operationMetadataId": "15fadc15-6534-4f46-807d-2c5d75a8dc04"
          },
          "type": "Query",
          "inputs": {
            "from": "@body('Get_metadata_of_library')?['value']",
            "where": "@or(\r\n    not(\r\n        equals('InternalName','ContentType')\r\n    ),\r\n    not(\r\n        equals('InternalName','MediaServiceImageTags')\r\n    ),\r\n    not(\r\n        equals('InternalName','_ExtendedDescription')\r\n    )\r\n)"
          }
        },
        "success": {
          "runAfter": {
            "Filter_out_default_columns": [
              "Succeeded"
            ]
          },
          "metadata": {
            "operationMetadataId": "0ff6c43c-81e7-48f8-ac68-2c8090326f56"
          },
          "type": "Response",
          "kind": "PowerApp",
          "inputs": {
            "statusCode": 200,
            "body": {
              "success": "@true",
              "response": "@{body('Filter_out_default_columns')}"
            },
            "schema": {
              "type": "object",
              "properties": {
                "success": {
                  "title": "success",
                  "x-ms-dynamically-added": true,
                  "type": "boolean"
                },
                "response": {
                  "title": "response",
                  "x-ms-dynamically-added": true,
                  "type": "string"
                }
              }
            }
          }
        },
        "failed": {
          "runAfter": {
            "Filter_out_default_columns": [
              "Skipped",
              "Failed",
              "TimedOut"
            ]
          },
          "metadata": {
            "operationMetadataId": "9bbf0821-5036-4c67-8875-66e62f51985d"
          },
          "type": "Response",
          "kind": "PowerApp",
          "inputs": {
            "statusCode": 200,
            "body": {
              "success": "@false"
            },
            "schema": {
              "type": "object",
              "properties": {
                "success": {
                  "title": "success",
                  "x-ms-dynamically-added": true,
                  "type": "boolean"
                },
                "response": {
                  "title": "response",
                  "x-ms-dynamically-added": true,
                  "type": "string"
                }
              }
            }
          }
        },
        "Compose": {
          "runAfter": {},
          "metadata": {
            "operationMetadataId": "cfcc5aa8-2a67-496b-80e1-8150c1fa008d"
          },
          "type": "Compose",
          "inputs": "@{triggerBody()?['text']}\n@{triggerBody()?['text_1']}\n@{triggerBody()?['text_2']}"
        }
      }
    },
    "templateName": ""
  },
  "schemaVersion": "1.0.0.0"
}