{
  "properties": {
    "connectionReferences": {
      "shared_sharepointonline": {
        "runtimeSource": "embedded",
        "connection": {
          "connectionReferenceLogicalName": "visand_SharePointUser"
        },
        "api": {
          "name": "shared_sharepointonline"
        }
      }
    },
    "definition": {
      "$schema": "https://schema.management.azure.com/providers/Microsoft.Logic/schemas/2016-06-01/workflowdefinition.json#",
      "contentVersion": "1.0.0.0",
      "parameters": {
        "$connections": {
          "defaultValue": {},
          "type": "Object"
        },
        "$authentication": {
          "defaultValue": {},
          "type": "SecureObject"
        }
      },
      "triggers": {
        "manual": {
          "metadata": {
            "operationMetadataId": "d1efb312-e370-41cb-9a5f-9ebc183a8efc"
          },
          "type": "Request",
          "kind": "PowerAppV2",
          "inputs": {
            "schema": {
              "type": "object",
              "properties": {
                "text": {
                  "description": "Please enter your input",
                  "title": "baseUrl",
                  "type": "string",
                  "x-ms-content-hint": "TEXT",
                  "x-ms-dynamically-added": true
                },
                "text_1": {
                  "description": "Please enter your input",
                  "title": "libraryId",
                  "type": "string",
                  "x-ms-content-hint": "TEXT",
                  "x-ms-dynamically-added": true
                }
              },
              "required": [
                "text",
                "text_1"
              ]
            }
          }
        }
      },
      "actions": {
        "Respond_to_a_Power_App_or_flow": {
          "runAfter": {
            "count_folders": [
              "Succeeded"
            ]
          },
          "metadata": {
            "operationMetadataId": "8380919b-e7cf-4e5b-9bfb-9b9390bd37b1"
          },
          "type": "Response",
          "kind": "PowerApp",
          "inputs": {
            "statusCode": 200,
            "body": {
              "response": "@{body('Filter_out_default_folders')}"
            },
            "schema": {
              "type": "object",
              "properties": {
                "response": {
                  "title": "response",
                  "x-ms-dynamically-added": true,
                  "type": "string"
                }
              }
            }
          }
        },
        "Filter_out_default_folders": {
          "runAfter": {
            "Do_until_no_next_page": [
              "Succeeded"
            ]
          },
          "metadata": {
            "operationMetadataId": "725645af-791d-43d3-99b4-8000a8a46e0c"
          },
          "type": "Query",
          "inputs": {
            "from": "@variables('varAllFolders')",
            "where": "@not(contains(item()?['FileLeafRef'],'ContentAssemblyTemporaryFolder'))"
          }
        },
        "count_folders": {
          "runAfter": {
            "Filter_out_default_folders": [
              "Succeeded"
            ]
          },
          "metadata": {
            "operationMetadataId": "438c8014-5096-4968-90fa-8ccdd56f84d7"
          },
          "type": "Compose",
          "inputs": "@length(body('Filter_out_default_folders'))"
        },
        "Initialize_varNextLink": {
          "runAfter": {},
          "metadata": {
            "operationMetadataId": "901644de-fa79-43e4-bff5-1fc4353c7818"
          },
          "type": "InitializeVariable",
          "inputs": {
            "variables": [
              {
                "name": "varNextLink",
                "type": "string",
                "value": "/_api/web/lists(guid'@{triggerBody()?['text_1']}')/items?$select=FileLeafRef,FileRef,UniqueId&$filter=FSObjType eq 1"
              }
            ]
          }
        },
        "Do_until_no_next_page": {
          "actions": {
            "Send_an_HTTP_request_to_SharePoint": {
              "runAfter": {},
              "metadata": {
                "operationMetadataId": "a594acf4-6224-43cb-ae85-fe79a6ce2928"
              },
              "type": "OpenApiConnection",
              "inputs": {
                "host": {
                  "connectionName": "shared_sharepointonline",
                  "operationId": "HttpRequest",
                  "apiId": "/providers/Microsoft.PowerApps/apis/shared_sharepointonline"
                },
                "parameters": {
                  "dataset": "@triggerBody()['text']",
                  "parameters/method": "GET",
                  "parameters/uri": "@variables('varNextLink')",
                  "parameters/headers": {
                    "Accept": "application/json;odata=nometadata"
                  }
                },
                "authentication": "@parameters('$authentication')"
              }
            },
            "remove_duplicates": {
              "runAfter": {
                "Send_an_HTTP_request_to_SharePoint": [
                  "Succeeded"
                ]
              },
              "metadata": {
                "operationMetadataId": "b97ba81a-2247-41d0-9c7e-38274d5cc400"
              },
              "type": "Compose",
              "inputs": "@union(variables('varAllFolders'),body('Send_an_HTTP_request_to_SharePoint')?['value'])"
            },
            "Set_varAllFolders": {
              "runAfter": {
                "remove_duplicates": [
                  "Succeeded"
                ]
              },
              "metadata": {
                "operationMetadataId": "b42a0c2b-b418-4677-a787-b3d7e32210b2"
              },
              "type": "SetVariable",
              "inputs": {
                "name": "varAllFolders",
                "value": "@outputs('remove_duplicates')"
              }
            },
            "Set_varNextLink": {
              "runAfter": {
                "Set_varAllFolders": [
                  "Succeeded"
                ]
              },
              "metadata": {
                "operationMetadataId": "4fe57ca0-0662-4bad-a583-a99a1d2ba107"
              },
              "type": "SetVariable",
              "inputs": {
                "name": "varNextLink",
                "value": "@if(\r\n    empty(\r\n        body('Send_an_HTTP_request_to_SharePoint')?['odata.nextLink']\r\n    ),\r\n    null,\r\n    substring(\r\n        body('Send_an_HTTP_request_to_SharePoint')?['odata.nextLink'],\r\n        indexOf(\r\n            body('Send_an_HTTP_request_to_SharePoint')?['odata.nextLink'],\r\n            '/_api'\r\n        ) \r\n    )\r\n)"
              }
            }
          },
          "runAfter": {
            "Initialize_varAllFolders": [
              "Succeeded"
            ]
          },
          "expression": "@equals(body('Send_an_HTTP_request_to_SharePoint')?['odata.nextLink'],null)",
          "limit": {
            "count": 60,
            "timeout": "PT1H"
          },
          "metadata": {
            "operationMetadataId": "6c1e7149-df25-47cb-a28d-e717c7335054"
          },
          "type": "Until"
        },
        "Initialize_varAllFolders": {
          "runAfter": {
            "Initialize_varNextLink": [
              "Succeeded"
            ]
          },
          "metadata": {
            "operationMetadataId": "00a013fc-0a80-43a8-a108-bf29fad60385"
          },
          "type": "InitializeVariable",
          "inputs": {
            "variables": [
              {
                "name": "varAllFolders",
                "type": "array"
              }
            ]
          }
        }
      }
    },
    "templateName": ""
  },
  "schemaVersion": "1.0.0.0"
}