{
  "properties": {
    "connectionReferences": {
      "shared_commondataserviceforapps": {
        "api": {
          "name": "shared_commondataserviceforapps"
        },
        "connection": {
          "connectionReferenceLogicalName": "visand_sharedcommondataserviceforapps_0b95f"
        },
        "runtimeSource": "embedded"
      },
      "shared_sharepointonline": {
        "api": {
          "name": "shared_sharepointonline"
        },
        "connection": {
          "connectionReferenceLogicalName": "visand_SharePointUser"
        },
        "runtimeSource": "embedded"
      }
    },
    "definition": {
      "$schema": "https://schema.management.azure.com/providers/Microsoft.Logic/schemas/2016-06-01/workflowdefinition.json#",
      "contentVersion": "1.0.0.0",
      "parameters": {
        "$authentication": {
          "defaultValue": {},
          "type": "SecureObject"
        },
        "$connections": {
          "defaultValue": {},
          "type": "Object"
        },
        "flowDisplaySettings (visand_flowDisplaySettings)": {
          "defaultValue": {
            "flowName": "Flow",
            "flowObjectId": "fce29f87-0401-4204-b7f6-c9b3446bf4a6"
          },
          "type": "Object",
          "metadata": {
            "schemaName": "visand_flowDisplaySettings",
            "description": "The flow name and id so that users can see if actions completed automatically"
          }
        }
      },
      "triggers": {
        "manual": {
          "type": "Request",
          "kind": "PowerAppV2",
          "inputs": {
            "schema": {
              "type": "object",
              "properties": {
                "number": {
                  "title": "fileId",
                  "type": "number",
                  "x-ms-dynamically-added": true,
                  "description": "Please enter a number",
                  "x-ms-content-hint": "NUMBER"
                },
                "text": {
                  "title": "siteAddress",
                  "type": "string",
                  "x-ms-dynamically-added": true,
                  "description": "Please enter your input",
                  "x-ms-content-hint": "TEXT"
                },
                "text_1": {
                  "title": "libraryId",
                  "type": "string",
                  "x-ms-dynamically-added": true,
                  "description": "Please enter your input",
                  "x-ms-content-hint": "TEXT"
                },
                "text_2": {
                  "title": "processTemplateId",
                  "type": "string",
                  "x-ms-dynamically-added": true,
                  "description": "Please enter your input",
                  "x-ms-content-hint": "TEXT"
                }
              },
              "required": [
                "number",
                "text",
                "text_1",
                "text_2"
              ]
            }
          },
          "metadata": {
            "operationMetadataId": "e63b3316-a6e0-40cc-affc-58c3267e3d64"
          }
        }
      },
      "actions": {
        "Respond_to_a_Power_App_or_flow": {
          "type": "Response",
          "kind": "PowerApp",
          "inputs": {
            "schema": {
              "type": "object",
              "properties": {},
              "additionalProperties": {}
            },
            "statusCode": 200,
            "body": {}
          },
          "runAfter": {},
          "metadata": {
            "operationMetadataId": "caf73426-a4cf-4276-8854-9fe7423795ca"
          }
        },
        "Get_a_processTemplate": {
          "type": "OpenApiConnection",
          "inputs": {
            "parameters": {
              "entityName": "visand_processtemplates",
              "recordId": "@triggerBody()['text_2']",
              "$select": "createdon,modifiedon,visand_nameformatted,_createdby_value,visand_processtemplateid,visand_templatenumber,visand_name,visand_processconfig,visand_triggertype,visand_active,visand_responsibletype,visand_responsibleobjectid,visand_responsibledisplayname,visand_templateversion"
            },
            "host": {
              "apiId": "/providers/Microsoft.PowerApps/apis/shared_commondataserviceforapps",
              "operationId": "GetItem",
              "connectionName": "shared_commondataserviceforapps"
            }
          },
          "runAfter": {
            "Respond_to_a_Power_App_or_flow": [
              "Succeeded"
            ]
          },
          "metadata": {
            "operationMetadataId": "db6a856f-49a1-4029-b4bc-0b8aaa097d08"
          }
        },
        "Parse_processConfig": {
          "type": "ParseJson",
          "inputs": {
            "content": "@json(outputs('Get_a_processTemplate')?['body/visand_processconfig'])",
            "schema": {
              "type": "array",
              "items": {
                "type": "object",
                "properties": {
                  "action": {
                    "type": "string"
                  },
                  "actionName": {
                    "type": "string"
                  },
                  "aid": {
                    "type": "string"
                  },
                  "completedBy": {
                    "anyOf": [
                      {
                        "type": "string"
                      },
                      {
                        "type": "null"
                      }
                    ]
                  },
                  "completedOn": {
                    "anyOf": [
                      {
                        "type": "string"
                      },
                      {
                        "type": "null"
                      }
                    ]
                  },
                  "aorder": {
                    "type": "integer"
                  },
                  "considerAsStep": {
                    "type": "boolean"
                  },
                  "icon": {
                    "type": "string"
                  },
                  "params": {
                    "type": "object",
                    "properties": {}
                  },
                  "instructions": {
                    "type": [
                      "object",
                      "null"
                    ],
                    "properties": {
                      "instructions": {
                        "anyOf": [
                          {
                            "type": "string"
                          },
                          {
                            "type": "null"
                          }
                        ]
                      },
                      "subtitle": {
                        "anyOf": [
                          {
                            "type": "string"
                          },
                          {
                            "type": "null"
                          }
                        ]
                      },
                      "title": {
                        "anyOf": [
                          {
                            "type": "string"
                          },
                          {
                            "type": "null"
                          }
                        ]
                      }
                    }
                  }
                },
                "required": [
                  "action",
                  "actionName",
                  "aid",
                  "aorder",
                  "considerAsStep",
                  "icon"
                ]
              }
            }
          },
          "runAfter": {
            "Get_a_processTemplate": [
              "Succeeded"
            ]
          },
          "metadata": {
            "operationMetadataId": "ea4abd17-fee2-455d-a735-d6acef905fdb"
          }
        },
        "Get_file": {
          "type": "OpenApiConnection",
          "inputs": {
            "parameters": {
              "dataset": "@triggerBody()['text']",
              "table": "@triggerBody()['text_1']",
              "id": "@triggerBody()['number']"
            },
            "host": {
              "apiId": "/providers/Microsoft.PowerApps/apis/shared_sharepointonline",
              "operationId": "GetItem",
              "connectionName": "shared_sharepointonline"
            }
          },
          "runAfter": {
            "Parse_processConfig": [
              "Succeeded"
            ]
          },
          "metadata": {
            "operationMetadataId": "0594c433-9ef8-4467-8a5e-b9575166152f"
          }
        },
        "Run_next_step_check": {
          "type": "Workflow",
          "inputs": {
            "host": {
              "workflowReferenceName": "344aee5f-2264-f011-bec3-6045bd2c6fae"
            },
            "body": {
              "text_2": "@triggerBody()['text_2']",
              "number_1": 1,
              "text": "@outputs('Add_process')?['body/visand_processid']"
            }
          },
          "runAfter": {
            "Add_process": [
              "Succeeded"
            ]
          },
          "metadata": {
            "operationMetadataId": "eb450a5f-47c4-442d-9110-1a6ff28d0b80"
          }
        },
        "Add_process": {
          "type": "OpenApiConnection",
          "inputs": {
            "parameters": {
              "entityName": "visand_processes",
              "item/visand_name": "@outputs('Get_a_processTemplate')?['body/visand_name']",
              "item/visand_activeprocessaid": "@body('Parse_processConfig')[1]?['aid']",
              "item/visand_processconfig": "@outputs('setCompletedBy')",
              "item/visand_ProcessTemplate@odata.bind": "/visand_processes(@{outputs('Get_a_processTemplate')?['body/visand_processtemplateid']})",
              "item/visand_responsibledisplayname": "@outputs('Get_a_processTemplate')?['body/visand_responsibledisplayname']",
              "item/visand_responsibleobjectid": "@outputs('Get_a_processTemplate')?['body/visand_responsibleobjectid']",
              "item/visand_responsibletype": "@outputs('Get_a_processTemplate')?['body/visand_responsibletype']",
              "item/visand_status": 800000000,
              "item/visand_templateversion": "@outputs('Get_a_processTemplate')?['body/visand_templateversion']",
              "item/visand_triggerconfig": "{\n    \"fileName\": \"@{body('Get_file')?['{FilenameWithExtension}']}\",\n    \"fileUrl\": \"@{body('Get_file')?['{Link}']}\"\n}",
              "item/visand_triggertype": 800000002
            },
            "host": {
              "apiId": "/providers/Microsoft.PowerApps/apis/shared_commondataserviceforapps",
              "operationId": "CreateRecord",
              "connectionName": "shared_commondataserviceforapps"
            }
          },
          "runAfter": {
            "setCompletedBy": [
              "Succeeded"
            ]
          },
          "metadata": {
            "operationMetadataId": "33b492ff-ca8a-4b34-8f4f-6c9ddc3e5828"
          }
        },
        "setCompletedBy": {
          "type": "Compose",
          "inputs": "@union(\r\n  array(\r\n    setProperty(\r\n      setProperty(\r\n        setProperty(\r\n          first(body('Parse_processConfig')), 'completedByDisplayName', parameters('flowDisplaySettings (visand_flowDisplaySettings)')?['flowName']\r\n        ),\r\n        'completedOn',\r\n        formatDateTime(utcNow(),'yyyy-MM-ddThh:mm')\r\n      ),\r\n      'completedBy',\r\n      parameters('flowDisplaySettings (visand_flowDisplaySettings)')?['flowObjectId']\r\n    )\r\n  ),\r\n  skip(body('Parse_processConfig'), 1)\r\n)",
          "runAfter": {
            "Get_file": [
              "Succeeded"
            ]
          },
          "metadata": {
            "operationMetadataId": "3b174981-9a8c-4fab-bcaf-c255c36dc743"
          }
        }
      }
    },
    "templateName": null
  },
  "schemaVersion": "1.0.0.0"
}