{
  "properties": {
    "connectionReferences": {
      "shared_sharepointonline-1": {
        "api": {
          "name": "shared_sharepointonline"
        },
        "connection": {
          "connectionReferenceLogicalName": "visand_SharePointUser"
        },
        "runtimeSource": "embedded"
      }
    },
    "definition": {
      "$schema": "https://schema.management.azure.com/providers/Microsoft.Logic/schemas/2016-06-01/workflowdefinition.json#",
      "contentVersion": "1.0.0.0",
      "parameters": {
        "$authentication": {
          "defaultValue": {},
          "type": "SecureObject"
        },
        "$connections": {
          "defaultValue": {},
          "type": "Object"
        }
      },
      "triggers": {
        "manual": {
          "type": "Request",
          "kind": "PowerAppV2",
          "inputs": {
            "schema": {
              "type": "object",
              "properties": {
                "file": {
                  "title": "File Content",
                  "type": "object",
                  "x-ms-dynamically-added": true,
                  "description": "Please select file or image",
                  "x-ms-content-hint": "FILE",
                  "properties": {
                    "name": {
                      "type": "string"
                    },
                    "contentBytes": {
                      "type": "string",
                      "format": "byte"
                    }
                  }
                },
                "text": {
                  "description": "Please enter the path to the SharePoint folder",
                  "title": "path",
                  "type": "string",
                  "x-ms-content-hint": "TEXT",
                  "x-ms-dynamically-added": true
                },
                "text_1": {
                  "description": "Please enter your input",
                  "title": "metadata",
                  "type": "string",
                  "x-ms-content-hint": "TEXT",
                  "x-ms-dynamically-added": true
                },
                "number": {
                  "title": "processNumber",
                  "type": "number",
                  "x-ms-dynamically-added": true,
                  "description": "Please enter a number",
                  "x-ms-content-hint": "NUMBER"
                },
                "text_2": {
                  "title": "libraryId",
                  "type": "string",
                  "x-ms-dynamically-added": true,
                  "description": "Please enter your input",
                  "x-ms-content-hint": "TEXT"
                }
              },
              "required": [
                "file",
                "text",
                "number",
                "text_2"
              ]
            }
          },
          "metadata": {
            "operationMetadataId": "bdcb086c-cda5-422d-8d64-e81bcec95ea8"
          }
        }
      },
      "actions": {
        "Respond_succeeded": {
          "type": "Response",
          "kind": "PowerApp",
          "inputs": {
            "schema": {
              "type": "object",
              "properties": {
                "response": {
                  "title": "response",
                  "x-ms-dynamically-added": true,
                  "type": "string"
                },
                "success": {
                  "title": "success",
                  "x-ms-dynamically-added": true,
                  "type": "boolean"
                }
              },
              "additionalProperties": {}
            },
            "statusCode": 200,
            "body": {
              "response": "@{outputs('prepareResponse')}",
              "success": "@true"
            }
          },
          "runAfter": {
            "prepareResponse": [
              "Succeeded"
            ]
          },
          "metadata": {
            "operationMetadataId": "d27add20-386b-4c88-a60e-95d8a316899b"
          }
        },
        "baseUrl": {
          "type": "Compose",
          "inputs": "@decodeUriComponent(join(take(split(triggerBody()['text'], '/'), 5), '/'))",
          "runAfter": {
            "Filter_metadata": [
              "Succeeded"
            ]
          },
          "metadata": {
            "operationMetadataId": "1d5a51f2-2899-4bbd-8cb0-08498c3577a2"
          }
        },
        "relativePath": {
          "type": "Compose",
          "inputs": "@decodeUriComponent(concat('/', join(skip(split(triggerBody()['text'], '/'), 5), '/')))",
          "runAfter": {
            "baseUrl": [
              "Succeeded"
            ]
          },
          "metadata": {
            "operationMetadataId": "331f7eb6-4bd1-4f64-90c6-157a8e2f531d"
          }
        },
        "Create_file": {
          "type": "OpenApiConnection",
          "inputs": {
            "parameters": {
              "dataset": "@outputs('baseUrl')",
              "folderPath": "@outputs('relativePath')",
              "name": "@triggerBody()?['file']?['name']",
              "body": "@triggerBody()?['file']?['contentBytes']"
            },
            "host": {
              "apiId": "/providers/Microsoft.PowerApps/apis/shared_sharepointonline",
              "operationId": "CreateFile",
              "connectionName": "shared_sharepointonline-1"
            }
          },
          "runAfter": {
            "relativePath": [
              "Succeeded"
            ]
          },
          "runtimeConfiguration": {
            "contentTransfer": {
              "transferMode": "Chunked"
            }
          },
          "metadata": {
            "operationMetadataId": "6b173c43-1119-49fd-8a4f-f1061777f5c0"
          }
        },
        "Respond_failed": {
          "type": "Response",
          "kind": "PowerApp",
          "inputs": {
            "schema": {
              "type": "object",
              "properties": {
                "response": {
                  "title": "response",
                  "x-ms-dynamically-added": true,
                  "type": "string"
                },
                "success": {
                  "title": "success",
                  "x-ms-dynamically-added": true,
                  "type": "boolean"
                }
              },
              "additionalProperties": {}
            },
            "statusCode": 200,
            "body": {
              "response": "Hochladen des Dokuments fehlgeschlagen. Bitte probiere es noch einmal. Sollte es nach wie vor nicht funktionieren, kontaktiere den Prozess-Ersteller und überprüfe, ob du im Ordner Zugriff hast.",
              "success": "@false"
            }
          },
          "runAfter": {
            "prepareResponse": [
              "Failed",
              "TimedOut"
            ]
          },
          "metadata": {
            "operationMetadataId": "d27add20-386b-4c88-a60e-95d8a316899b"
          }
        },
        "prepareResponse": {
          "type": "Compose",
          "inputs": {
            "filename": "@{outputs('Create_file')?['body/Name']}",
            "uniqueId": "@{replace(first(split(last(split(outputs('Create_file')?['body/ETag'], '{')), '}')), ',', '')}",
            "relativePath": "@{outputs('Create_file')?['body/Path']}",
            "absolutePath": "@{outputs('baseUrl')}@{outputs('Create_file')?['body/Path']}"
          },
          "runAfter": {
            "metadata_exist": [
              "Succeeded"
            ]
          },
          "metadata": {
            "operationMetadataId": "ac76c475-582a-4055-930f-6650fd348185"
          }
        },
        "metadata": {
          "type": "Compose",
          "inputs": "@json(triggerBody()?['text_1'])",
          "runAfter": {
            "Initialize_varMetadata": [
              "Succeeded"
            ]
          },
          "metadata": {
            "operationMetadataId": "5f5e8d9a-2db0-4a00-a050-ea34cf8bb983"
          }
        },
        "metadata_exist": {
          "type": "If",
          "expression": {
            "and": [
              {
                "greater": [
                  "@length(body('Filter_metadata'))",
                  0
                ]
              }
            ]
          },
          "actions": {
            "For_each_field": {
              "type": "Foreach",
              "foreach": "@body('Filter_metadata')",
              "actions": {
                "Append_to_varMetadata": {
                  "type": "AppendToArrayVariable",
                  "inputs": {
                    "name": "varMetadata",
                    "value": {
                      "@{item()?['InternalName']}": "@if(\r\n    or(\r\n        equals(\r\n            items('For_each_field')?['TypeAsString'],\r\n            'Number'\r\n        ),\r\n        equals(\r\n            items('For_each_field')?['TypeAsString'],\r\n            'Currency'\r\n        )\r\n    ),\r\n    float(items('For_each_field')?['output']),\r\n    if(\r\n        equals(\r\n            items('For_each_field')?['TypeAsString'],\r\n            'Choice'\r\n        ),\r\n        json(concat('{','\"Value\":','\"',items('For_each_field')?['output'],'\"}')),\r\n        if(\r\n            equals(\r\n                items('For_each_field')?['TypeAsString'],\r\n                'DateTime'\r\n            ),\r\n            formatDateTime(items('For_each_field')?['output'],'yyyy-MM-dd'),\r\n            if(\r\n                equals(\r\n                    items('For_each_field')?['TypeAsString'],\r\n                    'User'\r\n                ),\r\n                json(concat('{','\"Claims\":\"i:0#.f|membership|', items('For_each_field')?['output'],'\"}')),\r\n                if(\r\n                    equals(\r\n                        items('For_each_field')?['TypeAsString'],\r\n                        'Boolean'\r\n                    ),\r\n                    bool(items('For_each_field')?['output']),\r\n                    items('For_each_field')?['output']\r\n                )\r\n            )\r\n        )\r\n    )\r\n)"
                    }
                  },
                  "metadata": {
                    "operationMetadataId": "a8796461-8c51-4ba7-b2c8-db1dcc3c615a"
                  }
                }
              },
              "runtimeConfiguration": {
                "concurrency": {
                  "repetitions": 50
                }
              },
              "metadata": {
                "operationMetadataId": "08d5c54a-ea3c-4906-b65f-86552cffb90a"
              }
            },
            "mergedProperties": {
              "type": "Compose",
              "inputs": "@first(json(replace(string(variables('varMetadata')),'},{',',')))\r\n",
              "runAfter": {
                "For_each_field": [
                  "Succeeded"
                ]
              },
              "metadata": {
                "operationMetadataId": "be50cc48-fcf7-4c49-980f-456db0f6cfc4"
              }
            },
            "Update_file_properties": {
              "type": "OpenApiConnection",
              "inputs": {
                "parameters": {
                  "dataset": "@outputs('baseUrl')",
                  "table": "@triggerBody()['text_2']",
                  "id": "@outputs('Create_file')?['body/ItemId']",
                  "item": "@outputs('mergedProperties')"
                },
                "host": {
                  "apiId": "/providers/Microsoft.PowerApps/apis/shared_sharepointonline",
                  "operationId": "PatchFileItem",
                  "connectionName": "shared_sharepointonline-1"
                }
              },
              "runAfter": {
                "mergedProperties": [
                  "Succeeded"
                ]
              },
              "metadata": {
                "operationMetadataId": "a36355c0-5193-4cd4-8015-f858c901b46f"
              }
            }
          },
          "else": {
            "actions": {}
          },
          "runAfter": {
            "Create_file": [
              "Succeeded"
            ]
          },
          "metadata": {
            "operationMetadataId": "172e1078-50c9-4581-a44e-a210f5b08a9d"
          }
        },
        "Initialize_varMetadata": {
          "type": "InitializeVariable",
          "inputs": {
            "variables": [
              {
                "name": "varMetadata",
                "type": "array"
              }
            ]
          },
          "runAfter": {},
          "metadata": {
            "operationMetadataId": "2d451c86-c974-4c22-aceb-ea846641a1c6"
          }
        },
        "Filter_metadata": {
          "type": "Query",
          "inputs": {
            "from": "@outputs('metadata')",
            "where": "@and(not(equals(item()?['output'],null)),not(empty(item()?['output'])),not(equals(item()?['output'],'')))"
          },
          "runAfter": {
            "metadata": [
              "Succeeded"
            ]
          },
          "metadata": {
            "operationMetadataId": "7e3a75c0-0229-45d5-9bfd-e1e4ccb0b7d6"
          }
        }
      }
    },
    "templateName": null
  },
  "schemaVersion": "1.0.0.0"
}