<manifest><control namespace="PowerCAT" constructor="ResizableTextarea" version="1.1.29" display-name-key="ResizableTextarea" description-key="ResizableTextarea_Desc" control-type="standard" api-version="1.3.3"><property name="Text" display-name-key="Text" description-key="Text_Desc" of-type-group="strings" usage="bound" required="true" /><property name="Default" display-name-key="Default" description-key="Default_Desc" of-type-group="strings" usage="bound" /><property name="MaxLength" display-name-key="MaxLength" description-key="MaxLength_Desc" of-type="Whole.None" usage="input" /><property name="HintText" display-name-key="HintText" of-type="SingleLine.Text" usage="input" /><property name="EmptyPlaceholderText" display-name-key="EmptyPlaceholderText" of-type="SingleLine.Text" usage="input" /><property name="ResizedHeight" display-name-key="ResizedHeight" description-key="ResizedHeight_Desc" of-type="Whole.None" usage="bound" /><property name="ResizedWidth" display-name-key="ResizedWidth" description-key="ResizedWidth_Desc" of-type="Whole.None" usage="bound" /><property name="DefaultHeight" display-name-key="DefaultHeight" description-key="DefaultHeight_Desc" of-type="Whole.None" usage="input" /><property name="DefaultWidth" display-name-key="DefaultWidth" description-key="DefaultWidth_Desc" of-type="Whole.None" usage="input" /><property name="MinHeight" display-name-key="MinHeight" of-type="Whole.None" usage="input" /><property name="MaxHeight" display-name-key="MaxHeight" of-type="Whole.None" usage="input" /><property name="MinWidth" display-name-key="MinWidth" of-type="Whole.None" usage="input" /><property name="MaxWidth" display-name-key="MaxWidth" of-type="Whole.None" usage="input" /><property name="PaddingLeft" display-name-key="PaddingLeft" of-type="Whole.None" usage="input" default-value="8" /><property name="PaddingRight" display-name-key="PaddingRight" of-type="Whole.None" usage="input" default-value="8" /><property name="PaddingTop" display-name-key="PaddingTop" of-type="Whole.None" usage="input" default-value="8" /><property name="PaddingBottom" display-name-key="PaddingBottom" of-type="Whole.None" usage="input" default-value="8" /><property name="LeftPaddingAdjustment" display-name-key="LeftPaddingAdjustment" description-key="LeftPaddingAdjustment_Desc" of-type="Whole.None" usage="input" /><property name="AllowResize" display-name-key="AllowResize" description-key="AllowResize_Desc" of-type="Enum" usage="input" default-value="1"><value name="None" display-name-key="None">0</value><value name="Both" display-name-key="Both">1</value><value name="Vertical" display-name-key="Vertical">2</value><value name="Horizontal" display-name-key="Horizontal">3</value></property><property name="EnableSpellCheck" display-name-key="EnableSpellCheck" description-key="EnableSpellCheck_Desc" of-type="Enum" usage="input" default-value="1"><value name="No" display-name-key="No">0</value><value name="Yes" display-name-key="Yes">1</value></property><property name="FontName" display-name-key="FontName" of-type="SingleLine.Text" usage="input" default-value="Segoe UI" /><property name="FontSize" display-name-key="FontSize" of-type="Decimal" usage="input" default-value="10.5" /><property name="FontSizeUnits" display-name-key="FontSizeUnits" of-type="Enum" usage="input" default-value="0"><value name="Pt" display-name-key="Pt">0</value><value name="Px" display-name-key="Px">1</value></property><property name="FontColor" display-name-key="FontColor" of-type="SingleLine.Text" usage="input" default-value="rgb(66,66,66)" /><property name="FontWeight" display-name-key="FontWeight" of-type="SingleLine.Text" usage="input" /><property name="DisabledFontColor" display-name-key="DisabledFontColor" of-type="SingleLine.Text" usage="input" default-value="rgb(209,209,209)" /><property name="DisabledFontWeight" display-name-key="DisabledFontWeight" of-type="SingleLine.Text" usage="input" /><property name="FocusFontColor" display-name-key="FocusFontColor" of-type="SingleLine.Text" usage="input" /><property name="FocusFontWeight" display-name-key="FocusFontWeight" of-type="SingleLine.Text" usage="input" /><property name="HoverFontColor" display-name-key="HoverFontColor" of-type="SingleLine.Text" usage="input" /><property name="HoverFontWeight" display-name-key="HoverFontWeight" of-type="SingleLine.Text" usage="input" /><property name="HintFontColor" display-name-key="HintFontColor" of-type="SingleLine.Text" usage="input" /><property name="HintFontWeight" display-name-key="HintFontWeight" of-type="SingleLine.Text" usage="input" /><property name="FillColor" display-name-key="FillColor" of-type="SingleLine.Text" usage="input" default-value="rgb(255,255,255)" /><property name="DisabledFillColor" display-name-key="DisabledFillColor" of-type="SingleLine.Text" usage="input" default-value="rgb(245,245,245)" /><property name="FocusFillColor" display-name-key="FocusFillColor" of-type="SingleLine.Text" usage="input" /><property name="HoverFillColor" display-name-key="HoverFillColor" of-type="SingleLine.Text" usage="input" /><property name="DisabledHoverFillColor" display-name-key="DisabledHoverFillColor" of-type="SingleLine.Text" usage="input" /><property name="BorderColor" display-name-key="BorderColor" of-type="SingleLine.Text" usage="input" default-value="rgb(128,128,128)" /><property name="BorderThickness" display-name-key="BorderThickness" of-type="Whole.None" usage="input" default-value="1" /><property name="BorderRadius" display-name-key="BorderRadius" of-type="Whole.None" usage="input" default-value="2" /><property name="DisabledBorderColor" display-name-key="DisabledBorderColor" of-type="SingleLine.Text" usage="input" default-value="transparent" /><property name="FocusBorderColor" display-name-key="FocusBorderColor" of-type="SingleLine.Text" usage="input" default-value="rgb(0,120,212)" /><property name="FocusBorderThickness" display-name-key="FocusBorderThickness" of-type="Whole.None" usage="input" default-value="2" /><property name="HoverBorderColor" display-name-key="HoverBorderColor" of-type="SingleLine.Text" usage="input" default-value="rgb(66,66,66)" /><property name="HoverBorderThickness" display-name-key="HoverBorderThickness" of-type="Whole.None" usage="input" default-value="1" /><property name="RenderBorderStyle" display-name-key="RenderBorderStyle" of-type="Enum" usage="input" default-value="0"><value name="Normal" display-name-key="Normal">0</value><value name="Centered" display-name-key="Centered">1</value></property><property name="AccessibilityLabel" display-name-key="AccessibilityLabel" description-key="AccessibilityLabel_Desc" of-type="SingleLine.Text" usage="input" /><property name="InputEvent" display-name-key="InputEvent" description-key="InputEvent_Desc" of-type="SingleLine.Text" usage="bound" /><type-group name="strings"><type>SingleLine.Text</type><type>SingleLine.TextArea</type><type>Multiple</type></type-group><resources><code path="bundle.js" order="1" /><resx path="strings/ResizableTextarea.1033.resx" version="1.0.0" /><css path="css/ResizableTextarea.css" order="1" /></resources><built-by name="pac" version="1.9.4" /></control></manifest>