<environmentvariabledefinition schemaname="visand_flowDisplaySettings">
  <description default="The flow name and id so that users can see if actions completed automatically">
    <label description="The flow name and id so that users can see if actions completed automatically" languagecode="1033" />
  </description>
  <displayname default="flowDisplaySettings">
    <label description="flowDisplaySettings" languagecode="1033" />
  </displayname>
  <introducedversion>1.0.0.0</introducedversion>
  <iscustomizable>1</iscustomizable>
  <isrequired>0</isrequired>
  <secretstore>0</secretstore>
  <type>100000003</type>
</environmentvariabledefinition>