<manifest><control namespace="PowerCAT" constructor="HorizontalBarChart" version="1.1.41" display-name-key="HorizontalBarChart_Display_Key" description-key="HorizontalBarChart_desc" control-type="virtual" api-version="1.3.16"><property name="Title" display-name-key="HorizontalBarChart_Title_Display_Key" of-type="SingleLine.Text" usage="input" required="false" /><property name="HideLabels" display-name-key="HorizontalBarChart_Hidelabels_Display_Key" of-type="TwoOptions" usage="input" required="true" default-value="false" /><property name="HideTooltip" display-name-key="HorizontalBarChart_HideTooltip_Display_Key" of-type="TwoOptions" usage="input" default-value="false" required="false" /><property name="BarHeight" display-name-key="HorizontalBarChart_BarHeight_Display_Key" of-type="Whole.None" usage="input" required="false" default-value="15" /><property name="Theme" display-name-key="HorizontalBarChart_Theme_Display_Key" of-type="Multiple" usage="input" required="false" /><property name="CustomColors" display-name-key="HorizontalBarChart_Customcolors_Display_Key" of-type="TwoOptions" usage="input" default-value="false" required="false" /><property name="Variant" display-name-key="HorizontalBarChart_Variant_Display_Key" description-key="Variant" of-type="Enum" usage="bound" default-value="AbsoluteScale"><value name="AbsoluteScale" display-name-key="HorizontalBarChart_AbsoluteScale_Display_Key">0</value><value name="PartToWhole" display-name-key="HorizontalBarChart_PartToWhole_Display_Key">1</value></property><property name="ChartDataMode" display-name-key="HorizontalBarChart_ChartDataMode_Display_Key" description-key="Variant" of-type="Enum" usage="bound" default-value="Default"><value name="Default" display-name-key="HorizontalBarChart_Default_Display_Key">Default</value><value name="Fraction" display-name-key="HorizontalBarChart_Fraction_Display_Key">Fraction</value><value name="Percentage" display-name-key="HorizontalBarChart_Percentage_Display_Key">Percentage</value></property><property name="AccessibilityLabel" display-name-key="HorizontalBarChart_AccessibilityLabel_Display_Key" of-type="SingleLine.Text" usage="input" required="false" /><property name="TabIndex" hidden="true" display-name-key="NA" description-key="NA" of-type="Whole.None" usage="input" required="false" /><property name="Tooltip" hidden="true" display-name-key="NA" description-key="NA" of-type="SingleLine.Text" usage="input" required="false" /><data-set name="items" display-name-key="HorizontalBarChart_ChartData"><property-set name="ItemTitle" display-name-key="Title" of-type="SingleLine.Text" usage="bound" required="true" /><property-set name="ItemLegend" display-name-key="Legend" of-type="SingleLine.Text" usage="bound" required="true" /><property-set name="ItemValue" display-name-key="Value" of-type="Whole.None" usage="bound" required="true" /><property-set name="ItemTotalValue" display-name-key="TotalValue" of-type="Whole.None" usage="bound" required="true" /><property-set name="ItemXPopover" display-name-key="ItemXPopover" of-type="SingleLine.Text" usage="bound" required="true" /><property-set name="ItemYPopover" display-name-key="ItemYPopover" of-type="SingleLine.Text" usage="bound" required="true" /><property-set name="ItemColor" display-name-key="Color" of-type="TwoOptions" usage="bound" required="true" /></data-set><common-property name="Height" default-value="400" /><common-property name="Width" default-value="400" /><resources><code path="bundle.js" order="1" /><platform-library name="React" version="16.14.0" /><platform-library name="Fluent" version="8.121.1" /><resx path="strings/HorizontalBarChart.1033.resx" version="1.0.0" /></resources><feature-usage /><built-by name="pac" version="1.39.3" /></control></manifest>