<environmentvariabledefinition schemaname="visand_flowOpenDataSampleFileUrl">
  <description default="The URL of the sample file for bulk uploading OpenData">
    <label description="The URL of the sample file for bulk uploading OpenData" languagecode="1033" />
  </description>
  <displayname default="flowOpenDataSampleFileUrl">
    <label description="flowOpenDataSampleFileUrl" languagecode="1033" />
  </displayname>
  <introducedversion>1.0.0.0</introducedversion>
  <iscustomizable>1</iscustomizable>
  <isrequired>0</isrequired>
  <secretstore>0</secretstore>
  <type>100000000</type>
</environmentvariabledefinition>