<manifest><control namespace="PowerCAT" constructor="SpinButton" version="1.1.41" display-name-key="SpinButton" description-key="SearchBox_desc" control-type="virtual" api-version="1.3.16"><property name="Label" display-name-key="SpinButton_Label" of-type="SingleLine.Text" usage="input" required="false" /><property name="Suffix" display-name-key="SpinButton_Suffix" of-type="SingleLine.Text" usage="input" required="false" /><property name="IconName" display-name-key="SpinButton_IconName" of-type="SingleLine.Text" usage="input" required="false" /><property name="DefaultValue" display-name-key="SpinButton_DefaultValue" of-type="SingleLine.Text" usage="input" required="false" default-value="0" /><property name="Min" display-name-key="SpinButton_Min" description-key="SpinButton_Min_Desc" of-type="Whole.None" usage="input" required="false" default-value="0" /><property name="Max" display-name-key="SpinButton_Max" description-key="SpinButton_Max_Desc" of-type="Whole.None" usage="input" required="false" default-value="100" /><property name="Step" display-name-key="SpinButton_Step" description-key="SpinButton_Step_Desc" of-type="Whole.None" usage="input" default-value="1" /><property name="Value" display-name-key="SpinButton_Value" description-key="SpinButton_Value_Desc" of-type="SingleLine.Text" usage="bound" hidden="true" /><property name="Theme" display-name-key="Theme" of-type="Multiple" usage="input" required="false" /><property name="AccessibilityLabel" display-name-key="AccessibilityLabel" of-type="SingleLine.Text" usage="input" required="false" /><property name="DelayOutput" display-name-key="SpinButton_DelayOutput" description-key="SpinButton_DelayOutput_Desc" of-type="TwoOptions" usage="input" required="false" default-value="false" /><property name="Error" display-name-key="Error" of-type="TwoOptions" usage="input" default-value="false" required="false" /><property name="InputEvent" display-name-key="InputEvent" of-type="SingleLine.Text" usage="input" required="false" /><resources><code path="bundle.js" order="1" /><resx path="strings/SpinButton.1033.resx" version="1.0.0" /><platform-library name="React" version="16.14.0" /><platform-library name="Fluent" version="8.121.1" /></resources><feature-usage /><built-by name="pac" version="1.39.3" /></control></manifest>