<environmentvariabledefinition schemaname="visand_flowSharePointSitesAction">
  <description default="SharePoint sites available when the action &quot;saveDocument&quot; is selected">
    <label description="SharePoint sites available when the action &quot;saveDocument&quot; is selected" languagecode="1033" />
  </description>
  <displayname default="flowSharePointSitesAction">
    <label description="flowSharePointSitesAction" languagecode="1033" />
  </displayname>
  <introducedversion>1.0.0.0</introducedversion>
  <iscustomizable>1</iscustomizable>
  <isrequired>0</isrequired>
  <secretstore>0</secretstore>
  <type>100000003</type>
</environmentvariabledefinition>