<manifest><control namespace="PowerCAT" constructor="Facepile" version="1.1.41" display-name-key="Facepile" description-key="Facepile_Desc" control-type="virtual" api-version="1.3.16"><property name="AccessibilityLabel" display-name-key="AccessibilityLabel" of-type="SingleLine.Text" usage="input" required="false" /><property name="Theme" display-name-key="Theme" of-type="Multiple" usage="input" required="false" /><property name="MaxDisplayablePersonas" display-name-key="MaxDisplayablePersonas" of-type="Whole.None" default-value="5" usage="input" /><property name="ImageShouldFadeIn" display-name-key="ImageShouldFadeIn" of-type="TwoOptions" usage="input" /><property name="ShowAddButton" display-name-key="ShowAddButton" of-type="TwoOptions" usage="input" /><property name="OverflowButtonAriaLabel" display-name-key="OverflowButtonAriaLabel" of-type="SingleLine.Text" default-value="More users" usage="input" required="false" /><property name="AddbuttonAriaLabel" display-name-key="AddbuttonAriaLabel" of-type="SingleLine.Text" default-value="Add a new person to the Facepile" usage="input" required="false" /><property name="EventName" display-name-key="EventName" of-type="SingleLine.Text" usage="output" /><property name="PersonaSize" display-name-key="PersonaSize" description-key="PersonaSize" usage="input" of-type="Enum" required="false"><value name="Size8" display-name-key="Size8" description-key="Size8">Size8</value><value name="Size24" display-name-key="Size24" description-key="Size24">Size24</value><value name="Size32" display-name-key="Size32" description-key="Size32" default="true">Size32</value><value name="Size40" display-name-key="Size40" description-key="Size40">Size40</value><value name="Size48" display-name-key="Size48" description-key="Size48">Size48</value><value name="Size56" display-name-key="Size56" description-key="Size56">size56</value></property><property name="OverflowButtonType" display-name-key="OverflowButtonType" description-key="OverflowButtonType" usage="input" of-type="Enum" required="true"><value name="none" display-name-key="none" description-key="none">none</value><value name="descriptive" display-name-key="descriptive" description-key="descriptive" default="true">descriptive</value><value name="downArrow" display-name-key="downArrow" description-key="downArrow">downArrow</value><value name="more" display-name-key="more" description-key="more">more</value></property><property name="InputEvent" display-name-key="InputEvent" of-type="SingleLine.Text" usage="input" /><data-set name="items" display-name-key="Items"><property-set name="ItemPersonaName" display-name-key="ItemPersonaName" of-type="SingleLine.Text" usage="bound" required="true" /><property-set name="ItemPersonaKey" display-name-key="ItemPersonaKey" of-type="SingleLine.Text" usage="bound" required="true" /><property-set name="ItemPersonaImage" display-name-key="ItemPersonaImage" of-type="File" usage="bound" required="false" /><property-set name="ItemPersonaImageInfo" display-name-key="ItemPersonaImageInfo" of-type="SingleLine.Text" usage="bound" required="false" /><property-set name="ItemPersonaPresence" display-name-key="ItemPersonaPresence" of-type="SingleLine.Text" usage="bound" required="false" /><property-set name="IsImage" display-name-key="IsImage" of-type="TwoOptions" usage="bound" required="false" /><property-set name="ItemPersonaClickable" display-name-key="ItemPersonaClickable" of-type="TwoOptions" usage="bound" required="false" /></data-set><resources><code path="bundle.js" order="1" /><resx path="strings/Facepile.1033.resx" version="1.0.0" /><platform-library name="React" version="16.14.0" /><platform-library name="Fluent" version="8.121.1" /></resources><feature-usage /><built-by name="pac" version="1.39.3" /></control></manifest>