<manifest><control namespace="PowerCAT" constructor="Pivot" version="1.1.41" display-name-key="Pivot" description-key="Pivot_Desc" control-type="virtual" api-version="1.3.16"><property name="SelectedKey" display-name-key="SelectedKey" usage="bound" of-type="SingleLine.Text" /><property name="RenderType" display-name-key="RenderType" required="true" usage="input" of-type="Enum" default-value="0"><value name="PivotLinks" display-name-key="PivotLinks">0</value><value name="PivotTabs" display-name-key="PivotTabs">1</value></property><property name="RenderSize" display-name-key="RenderSize" usage="input" of-type="Enum" default-value="0"><value name="Normal" display-name-key="Normal">0</value><value name="Large" display-name-key="Large">2</value></property><property name="Theme" display-name-key="Theme" of-type="Multiple" usage="input" required="false" /><property name="AccessibilityLabel" display-name-key="AccessibilityLabel" of-type="SingleLine.Text" usage="input" required="false" /><property name="InputEvent" display-name-key="InputEvent" of-type="SingleLine.Text" usage="input" /><data-set name="items" display-name-key="Items"><property-set name="ItemDisplayName" display-name-key="Display Name" of-type="SingleLine.Text" usage="bound" required="true" /><property-set name="ItemKey" display-name-key="Key" of-type="SingleLine.Text" usage="bound" required="true" /><property-set name="ItemEnabled" display-name-key="Enabled" of-type="TwoOptions" usage="bound" required="false" /><property-set name="ItemVisible" display-name-key="Visible" of-type="TwoOptions" usage="bound" required="false" /><property-set name="ItemChecked" display-name-key="ItemChecked" of-type="TwoOptions" usage="bound" required="false" /><property-set name="ItemIconName" display-name-key="IconName" of-type="SingleLine.Text" usage="bound" required="false" /><property-set name="ItemCount" display-name-key="ItemCount" of-type="Whole.None" usage="bound" required="false" /></data-set><resources><code path="bundle.js" order="1" /><resx path="strings/Pivot.1033.resx" version="1.0.0" /><platform-library name="React" version="16.14.0" /><platform-library name="Fluent" version="8.121.1" /></resources><feature-usage /><built-by name="pac" version="1.39.3" /></control></manifest>