<environmentvariabledefinition schemaname="visand_flowDigitalInboxIn">
  <apiid>/providers/microsoft.powerapps/apis/shared_sharepointonline</apiid>
  <description default="The library which the printer can send files to">
    <label description="The library which the printer can send files to" languagecode="1033" />
  </description>
  <displayname default="flowDigitalInboxIn">
    <label description="flowDigitalInboxIn" languagecode="1033" />
  </displayname>
  <introducedversion>1.0.0.3</introducedversion>
  <iscustomizable>1</iscustomizable>
  <isrequired>0</isrequired>
  <parameterkey>table</parameterkey>
  <parentdefinitionid>
    <schemaname>visand_flowSite</schemaname>
  </parentdefinitionid>
  <secretstore>0</secretstore>
  <type>100000004</type>
</environmentvariabledefinition>